<application>
  <component name="FeatureSuggesterSettings">
    <option name="workingDays">
      <list>
        <option value="1650562707324" />
        <option value="1650634757375" />
        <option value="1650880716942" />
        <option value="1650982715468" />
        <option value="1651132543040" />
        <option value="1651238977938" />
        <option value="1651578888080" />
        <option value="1651678718575" />
        <option value="1651856422649" />
        <option value="1652180776511" />
        <option value="1652258675982" />
        <option value="1652438487546" />
        <option value="1652705471812" />
        <option value="1652976743922" />
        <option value="1653033510137" />
        <option value="1653322249620" />
        <option value="1653386953612" />
        <option value="1653485797711" />
        <option value="1653561626793" />
        <option value="1653639495494" />
        <option value="1654765267182" />
        <option value="1654871464407" />
        <option value="1655130107939" />
        <option value="1655266998597" />
      </list>
    </option>
  </component>
</application>