<application>
  <component name="NotificationConfiguration">
    <notification groupId="Docker: Dockerfile detection" displayType="NONE" shouldLog="false" />
    <notification groupId="External Executable Critical Failures" displayType="STICKY_BALLOON" />
    <notification groupId="Git Important Messages" displayType="STICKY_BALLOON" />
    <notification groupId="Git Messages" displayType="TOOL_WINDOW" />
    <notification groupId="Git Minor Notifications" />
    <notification groupId="github" />
    <notification groupId="IDE Usage Statistics" displayType="STICKY_BALLOON" shouldLog="false" />
    <notification groupId="JavaScript Library Management" displayType="STICKY_BALLOON" />
    <notification groupId="Node.js Project Detector" />
    <notification groupId="System" displayType="STICKY_BALLOON" shouldLog="false" />
    <notification groupId="Update Checker" displayType="STICKY_BALLOON" />
    <notification groupId="Upgrade Subscription Renewal" displayType="STICKY_BALLOON" />
  </component>
</application>