<keymap version="1" name="Mac OS X 10.5+ copy" parent="Mac OS X 10.5+">
  <action id="ActivateCodeiumChatToolWindow">
    <keyboard-shortcut first-keystroke="meta quote" />
  </action>
  <action id="ActivateFavoritesToolWindow" />
  <action id="ActivateStructureToolWindow">
    <keyboard-shortcut first-keystroke="meta 7" />
    <keyboard-shortcut first-keystroke="meta 2" />
  </action>
  <action id="ActivateTerminalToolWindow">
    <keyboard-shortcut first-keystroke="f12" />
  </action>
  <action id="Annotate">
    <keyboard-shortcut first-keystroke="ctrl meta a" />
  </action>
  <action id="Arrangement.Alias.Rule.Add">
    <keyboard-shortcut first-keystroke="ctrl enter" />
  </action>
  <action id="Arrangement.Rule.Add">
    <keyboard-shortcut first-keystroke="ctrl enter" />
  </action>
  <action id="Back">
    <keyboard-shortcut first-keystroke="meta alt left" />
    <mouse-shortcut keystroke="button4" />
  </action>
  <action id="Cargo.RustfmtFile">
    <keyboard-shortcut first-keystroke="meta alt l" />
  </action>
  <action id="CloseAllEditorsButActive">
    <keyboard-shortcut first-keystroke="shift meta w" />
  </action>
  <action id="CommentByBlockComment">
    <keyboard-shortcut first-keystroke="meta alt slash" />
  </action>
  <action id="Console.TableResult.SetNull" />
  <action id="DatabaseView.PropertiesAction" />
  <action id="DecrementWindowHeight" />
  <action id="DomCollectionControl.Edit">
    <keyboard-shortcut first-keystroke="f4" />
  </action>
  <action id="DomElementsTreeView.GotoDomElementDeclarationAction">
    <keyboard-shortcut first-keystroke="f4" />
  </action>
  <action id="DuplicatesForm.SendToRight" />
  <action id="EditSource">
    <keyboard-shortcut first-keystroke="f4" />
  </action>
  <action id="EditorScrollDownAndMove">
    <keyboard-shortcut first-keystroke="ctrl alt down" />
  </action>
  <action id="EditorScrollUpAndMove">
    <keyboard-shortcut first-keystroke="ctrl alt up" />
  </action>
  <action id="EditorTextEnd">
    <keyboard-shortcut first-keystroke="meta end" />
    <keyboard-shortcut first-keystroke="meta down" />
  </action>
  <action id="EditorTextEndWithSelection">
    <keyboard-shortcut first-keystroke="shift meta end" />
    <keyboard-shortcut first-keystroke="shift meta down" />
  </action>
  <action id="EditorTextStart">
    <keyboard-shortcut first-keystroke="meta home" />
    <keyboard-shortcut first-keystroke="meta up" />
  </action>
  <action id="EditorTextStartWithSelection">
    <keyboard-shortcut first-keystroke="shift meta home" />
    <keyboard-shortcut first-keystroke="shift meta up" />
  </action>
  <action id="EditorToggleUseSoftWraps">
    <keyboard-shortcut first-keystroke="ctrl meta w" />
  </action>
  <action id="EditorUp">
    <keyboard-shortcut first-keystroke="up" />
  </action>
  <action id="FileChooser.GotoProject" />
  <action id="FileChooser.NewFolder" />
  <action id="Forward">
    <keyboard-shortcut first-keystroke="meta alt right" />
    <mouse-shortcut keystroke="button5" />
  </action>
  <action id="Generate" />
  <action id="Git.New.Branch.In.Log" />
  <action id="GitNewBranchAction" />
  <action id="GotoFile">
    <keyboard-shortcut first-keystroke="shift meta o" />
    <keyboard-shortcut first-keystroke="meta t" />
  </action>
  <action id="GotoRelated" />
  <action id="Images.Editor.ToggleGrid" />
  <action id="IncrementWindowHeight" />
  <action id="InsertLiveTemplate" />
  <action id="IntroduceConstant" />
  <action id="JumpToLastWindow" />
  <action id="MoveStatementDown" />
  <action id="MoveStatementUp" />
  <action id="NewDir">
    <keyboard-shortcut first-keystroke="ctrl meta n" />
  </action>
  <action id="NewElement">
    <keyboard-shortcut first-keystroke="ctrl enter" />
  </action>
  <action id="NewFile">
    <keyboard-shortcut first-keystroke="meta n" />
  </action>
  <action id="NextSplitter">
    <keyboard-shortcut first-keystroke="alt tab" />
    <keyboard-shortcut first-keystroke="meta close_bracket" />
  </action>
  <action id="PinActiveTab">
    <keyboard-shortcut first-keystroke="ctrl p" />
  </action>
  <action id="PrevSplitter">
    <keyboard-shortcut first-keystroke="shift alt tab" />
    <keyboard-shortcut first-keystroke="meta open_bracket" />
  </action>
  <action id="QuickChangeScheme" />
  <action id="ReactExtractComponentAction">
    <keyboard-shortcut first-keystroke="meta alt c" />
  </action>
  <action id="ReformatCode" />
  <action id="ReformatWithPrettierAction">
    <keyboard-shortcut first-keystroke="shift meta alt p" />
    <keyboard-shortcut first-keystroke="meta alt l" />
  </action>
  <action id="RemoteHostView.EditSource">
    <keyboard-shortcut first-keystroke="f4" />
  </action>
  <action id="ResizeToolWindowDown" />
  <action id="ResizeToolWindowUp" />
  <action id="ServiceView.AddService">
    <keyboard-shortcut first-keystroke="ctrl enter" />
  </action>
  <action id="ShowGulpTasks">
    <keyboard-shortcut first-keystroke="meta alt 4" />
  </action>
  <action id="ShowNavBar">
    <keyboard-shortcut first-keystroke="alt home" />
  </action>
  <action id="SplitHorizontally">
    <keyboard-shortcut first-keystroke="ctrl minus" />
  </action>
  <action id="SplitVertically">
    <keyboard-shortcut first-keystroke="ctrl back_slash" />
  </action>
  <action id="SwitchApply">
    <keyboard-shortcut first-keystroke="ctrl alt enter" />
  </action>
  <action id="SwitchDown">
    <keyboard-shortcut first-keystroke="ctrl alt down" />
  </action>
  <action id="SwitchLeft">
    <keyboard-shortcut first-keystroke="ctrl alt left" />
  </action>
  <action id="SwitchRight">
    <keyboard-shortcut first-keystroke="ctrl alt right" />
  </action>
  <action id="SwitchUp">
    <keyboard-shortcut first-keystroke="ctrl alt up" />
  </action>
  <action id="ToggleDistractionFreeMode">
    <keyboard-shortcut first-keystroke="ctrl back_quote" />
  </action>
  <action id="Tool_External Tools_Prettify">
    <keyboard-shortcut first-keystroke="ctrl meta l" />
  </action>
  <action id="Uml.NewElement">
    <keyboard-shortcut first-keystroke="ctrl enter" />
  </action>
  <action id="Unsplit">
    <keyboard-shortcut first-keystroke="ctrl meta back_slash" />
  </action>
  <action id="Vcs.ReformatCommitMessage" />
  <action id="Vcs.ShowTabbedFileHistory">
    <keyboard-shortcut first-keystroke="shift alt h" />
  </action>
  <action id="Vcs.UpdateProject" />
  <action id="VcsHistory.ShowAllAffected" />
  <action id="autoscroll-plugin.savesettings">
    <keyboard-shortcut first-keystroke="shift meta alt end" />
    <keyboard-shortcut first-keystroke="shift ctrl meta alt a" />
  </action>
  <action id="com.codeium.intellij.SmartPasteAction">
    <keyboard-shortcut first-keystroke="ctrl meta v" />
  </action>
  <action id="org.intellij.plugins.markdown.ui.actions.styling.ToggleItalicAction" />
</keymap>