<application>
  <component name="FeatureSuggesterSettings">
    <option name="workingDays">
      <list>
        <option value="1650620359174" />
        <option value="1650873356951" />
        <option value="1651600385620" />
        <option value="1651656389970" />
        <option value="1651761289902" />
        <option value="1651829661752" />
        <option value="1652105979625" />
        <option value="1652704455767" />
        <option value="1652779462199" />
        <option value="1652859197089" />
        <option value="1653390021203" />
        <option value="1653562714007" />
        <option value="1653650591319" />
        <option value="1654614990809" />
        <option value="1654686733852" />
        <option value="1654765226644" />
        <option value="1654856647318" />
        <option value="1654908571085" />
        <option value="1655059158861" />
        <option value="1655127654313" />
        <option value="1655201498612" />
        <option value="1655267079578" />
      </list>
    </option>
  </component>
</application>