<application>
  <component name="FileTypeManager" version="18">
    <ignoreFiles list="*.pyc;*.pyo;*.rbc;*~;.DS_Store;.git;.hg;.svn;CVS;RCS;SCCS;__pycache__;_svn;rcs" />
    <extensionMap>
      <mapping pattern=".swcrc" type="JSON" />
      <mapping pattern=".graphqlrc" type="JSON" />
      <mapping ext="sjs" type="JavaScript" />
      <mapping ext="mdx" type="Markdown" />
      <mapping pattern="aliases" type="PLAIN_TEXT" />
      <mapping pattern="Procfile" type="PLAIN_TEXT" />
      <mapping pattern="functions" type="PLAIN_TEXT" />
      <mapping pattern="Nutcracker: The Motion Picture" type="PLAIN_TEXT" />
      <mapping pattern="Ronin (film)" type="PLAIN_TEXT" />
      <mapping pattern="Torch Song Trilogy (film)" type="PLAIN_TEXT" />
      <mapping pattern=".netrc" type="PLAIN_TEXT" />
      <mapping pattern="commands" type="PLAIN_TEXT" />
      <mapping pattern="ps1_color" type="PLAIN_TEXT" />
      <mapping pattern="deploy-repo-post-receive" type="PLAIN_TEXT" />
      <mapping pattern="git_aliases" type="PLAIN_TEXT" />
      <mapping pattern="prod_authorized_keys" type="PLAIN_TEXT" />
      <mapping pattern="Joshua Then and Now (film)" type="PLAIN_TEXT" />
      <mapping pattern=".gitkeep" type="PLAIN_TEXT" />
      <mapping pattern="Harry Potter and the Goblet of Fire (film)" type="PLAIN_TEXT" />
      <mapping pattern="Merry Christmas, Mr Lawrence" type="PLAIN_TEXT" />
      <mapping pattern="rc" type="PLAIN_TEXT" />
      <mapping pattern="CORS" type="PLAIN_TEXT" />
      <mapping pattern="Up (2009 film)" type="PLAIN_TEXT" />
      <mapping pattern="babslog" type="PLAIN_TEXT" />
      <mapping pattern=".env.linc-upload" type="PLAIN_TEXT" />
      <mapping pattern="colours" type="PLAIN_TEXT" />
      <mapping pattern="Dan in Real Life" type="PLAIN_TEXT" />
      <mapping pattern="70284411201860_1" type="PLAIN_TEXT" />
      <mapping pattern="lol" type="PLAIN_TEXT" />
      <mapping pattern="28 Days Later" type="PLAIN_TEXT" />
      <mapping pattern="LOL: Laughing Out Loud" type="PLAIN_TEXT" />
      <mapping pattern="git" type="PLAIN_TEXT" />
      <mapping pattern="USAGE" type="PLAIN_TEXT" />
      <mapping pattern="Tokyo Story" type="PLAIN_TEXT" />
      <mapping pattern="A River Runs Through It (film)" type="PLAIN_TEXT" />
      <mapping pattern="Dawn of the Dead (2004 film)" type="PLAIN_TEXT" />
      <mapping pattern=".env" type="PLAIN_TEXT" />
      <mapping pattern="test_env" type="PLAIN_TEXT" />
      <mapping pattern="env" type="PLAIN_TEXT" />
      <mapping pattern="deploy-repo-pre-receive" type="PLAIN_TEXT" />
      <mapping pattern="The Big Blue" type="PLAIN_TEXT" />
      <mapping pattern="prompt" type="PLAIN_TEXT" />
      <mapping pattern="config" type="PLAIN_TEXT" />
      <mapping pattern=".sshyncignore" type="PLAIN_TEXT" />
      <mapping ext="gitconfig" type="PLAIN_TEXT" />
      <mapping ext="old" type="PLAIN_TEXT" />
      <mapping ext="scala" type="PLAIN_TEXT" />
      <mapping ext="screenrc" type="PLAIN_TEXT" />
      <mapping ext="production" type="PLAIN_TEXT" />
      <mapping ext="com" type="PLAIN_TEXT" />
      <mapping ext="erb" type="PLAIN_TEXT" />
      <mapping ext="common" type="PLAIN_TEXT" />
      <mapping ext="good" type="PLAIN_TEXT" />
      <mapping ext="bashrc" type="PLAIN_TEXT" />
      <mapping ext="lock" type="PLAIN_TEXT" />
      <mapping ext="gemrc" type="PLAIN_TEXT" />
      <mapping ext="gitkeep" type="PLAIN_TEXT" />
      <mapping ext="vimrc" type="PLAIN_TEXT" />
      <mapping ext="crontab" type="PLAIN_TEXT" />
      <mapping ext="fish" type="PLAIN_TEXT" />
      <mapping ext="nfo" type="PLAIN_TEXT" />
      <mapping ext="irbrc" type="PLAIN_TEXT" />
      <mapping ext="pem" type="PLAIN_TEXT" />
      <mapping ext="zshrc" type="PLAIN_TEXT" />
      <mapping ext="conf" type="PLAIN_TEXT" />
      <mapping ext="treetop" type="PLAIN_TEXT" />
      <mapping ext="cnf" type="PLAIN_TEXT" />
      <mapping ext="qrc" type="XML" />
      <mapping ext="nzb" type="XML" />
      <mapping ext="0661ql3" type="XML" />
      <mapping ext="example" type="YAML" />
      <mapping ext="amcss" type="SCSS" />
      <mapping ext="cssm" type="SCSS" />
      <mapping ext="dust" type="Dust" />
      <mapping ext="metacss" type="SCSS" />
      <mapping ext="tcss" type="SCSS" />
      <mapping pattern="build-fab" type="Bash" />
    </extensionMap>
  </component>
</application>