<application>
  <component name="FindSettings">
    <option name="customScope" value="Project Files" />
    <option name="defaultScopeName" value="Project Files" />
    <option name="skipResultsWithOneUsage" value="true" />
    <option name="SKIP_RESULTS_WHEN_ONE_USAGE" value="true" />
    <option name="SEARCH_SCOPE" value="Project Files" />
    <mask>*.properties</mask>
    <mask>*.jsp</mask>
    <mask>*.java</mask>
    <mask>*.as</mask>
    <mask>*.mxml</mask>
    <mask>*.sh</mask>
    <mask>*.tsx</mask>
    <mask>package.json</mask>
    <mask>.gitignore</mask>
    <mask>*.json5</mask>
    <mask>*.js</mask>
    <mask>*.mdx</mask>
    <mask>*.ts</mask>
    <mask>*.json</mask>
    <mask>*.yaml</mask>
    <mask>*.css</mask>
    <mask>*.html</mask>
    <mask>*.xml</mask>
    <mask>*.go2</mask>
    <mask>*.go</mask>
    <mask>*.md</mask>
  </component>
</application>