<application>
  <component name="LanguageInjectionConfiguration">
    <injection language="SQLite" injector-id="js">
      <display-name>flash.data (SQLite)</display-name>
      <place><![CDATA[jsLiteral().and(asAssignedValue("text", "*", "dbStatement"))]]></place>
      <place><![CDATA[jsLiteral().and(asAssignedValue("text", "flash.data.SQLStatement"))]]></place>
    </injection>
    <injection language="SCSS" injector-id="js">
      <display-name>styled-components</display-name>
      <prefix>dummy_selector {</prefix>
      <suffix>}</suffix>
      <place disabled="true"><![CDATA[jsLiteralExpression().and(jsArgument("styled", 0))]]></place>
      <place disabled="true"><![CDATA[jsLiteralExpression().withParent(psiElement().withParent(psiElement().withText(string().startsWith("Styled"))))]]></place>
      <place disabled="true"><![CDATA[jsLiteralExpression().withParent(psiElement().withText(string().contains(".extend")))]]></place>
      <place disabled="true"><![CDATA[jsLiteralExpression().withParent(psiElement().withText(string().startsWith("injectGlobal")))]]></place>
      <place disabled="true"><![CDATA[jsLiteralExpression().withParent(psiElement().withText(string().startsWith("styled")))]]></place>
    </injection>
    <injection language="JSON" injector-id="sql">
      <display-name>ClickHouse JSON</display-name>
      <place><![CDATA[sqlElement().forDialects("ClickHouse").functionArgument(0, sqlFunctionCall().name("visitParamHas", "visitParamExtractUInt", "visitParamExtractInt", "visitParamExtractFloat", "visitParamExtractBool", "visitParamExtractRaw", "visitParamExtractString").params(sqlExpressions().count(2)))]]></place>
      <place><![CDATA[sqlElement().forDialects("ClickHouse").insertWithFormatInput("JSON")]]></place>
    </injection>
    <injection language="JSON" injector-id="sql">
      <display-name>Oracle JSON</display-name>
      <place><![CDATA[sqlElement().forDialects("Oracle").functionArgument(0, -1, 1, sqlFunctionCall().name("json_array"))]]></place>
      <place><![CDATA[sqlElement().forDialects("Oracle").functionArgument(0, sqlFunctionCall().name("json_query", "json_value", "json_array_agg"))]]></place>
      <place><![CDATA[sqlElement().forDialects("Oracle").functionArgument(0, sqlFunctionCall().name("json_table"))]]></place>
      <place><![CDATA[sqlElement().forDialects("Oracle").functionArgument(1, -1, 2, sqlFunctionCall().name("json_object"))]]></place>
      <place><![CDATA[sqlElement().forDialects("Oracle").functionArgument(1, sqlFunctionCall().name("json_object_agg"))]]></place>
    </injection>
    <injection language="RegExp" injector-id="sql">
      <display-name>Oracle RegExp</display-name>
      <place><![CDATA[sqlElement().forDialects("Oracle").functionArgument(1, sqlFunctionCall().name("regexp_count").params(sqlExpressions().count(2, 4)))]]></place>
      <place><![CDATA[sqlElement().forDialects("Oracle").functionArgument(1, sqlFunctionCall().name("regexp_instr").params(sqlExpressions().count(2, 7)))]]></place>
      <place><![CDATA[sqlElement().forDialects("Oracle").functionArgument(1, sqlFunctionCall().name("regexp_like").params(sqlExpressions().count(2, 3)))]]></place>
      <place><![CDATA[sqlElement().forDialects("Oracle").functionArgument(1, sqlFunctionCall().name("regexp_replace", "regexp_substr").params(sqlExpressions().count(2, 6)))]]></place>
    </injection>
    <injection language="XPath2" injector-id="sql">
      <display-name>Oracle XPath</display-name>
      <place><![CDATA[sqlElement().forDialects("Oracle").functionArgument(0, sqlFunctionCall().name("xmlquery", "xmlexists"))]]></place>
      <place><![CDATA[sqlElement().forDialects("Oracle").functionArgument(0, sqlFunctionCall().name("xmltable"))]]></place>
      <place><![CDATA[sqlElement().forDialects("Oracle").functionArgument(1, -2, 2, sqlFunctionCall().name("updatexml"))]]></place>
      <place><![CDATA[sqlElement().forDialects("Oracle").functionArgument(1, sqlFunctionCall().name("appendchildxml", "insertxmlafter", "insertxmlbefore").params(sqlExpressions().count(3, 4)))]]></place>
      <place><![CDATA[sqlElement().forDialects("Oracle").functionArgument(1, sqlFunctionCall().name("extract", "extractvalue", "deletexml", "existsnode").params(sqlExpressions().count(2, 3)))]]></place>
      <place><![CDATA[sqlElement().forDialects("Oracle").functionArgument(1, sqlFunctionCall().name("insertchildxml", "insertchildxmlafter", "insertchildxmlbefore").params(sqlExpressions().count(4, 5)))]]></place>
    </injection>
    <injection language="RegExp" injector-id="sql">
      <display-name>PostgreSQL RegExp</display-name>
      <place><![CDATA[sqlElement().forDialects("PostgreSQL").binaryExpressionArgument(1, sqlBinaryExpression().left(sqlExpression().withType("text")).operationNames("~", "~*", "!~", "!~*"))]]></place>
      <place><![CDATA[sqlElement().forDialects("PostgreSQL").functionArgument(1, sqlFunctionCall().name("regexp_replace").params(sqlExpressions().count(3, 4)))]]></place>
      <place><![CDATA[sqlElement().forDialects("PostgreSQL").functionArgument(1, sqlFunctionCall().name("substr", "substring", "regexp_match", "regexp_matches", "regexp_split_to_array", "regexp_split_to_table").params(sqlExpressions().count(2, 3)))]]></place>
    </injection>
    <injection language="XPath2" injector-id="sql">
      <display-name>PostgreSQL XPath</display-name>
      <place><![CDATA[sqlElement().forDialects("PostgreSQL").functionArgument(0, sqlFunctionCall().name("xmlexists", "xmltable").params(sqlExpressions().count(2)))]]></place>
      <place><![CDATA[sqlElement().forDialects("PostgreSQL").functionArgument(0, sqlFunctionCall().name("xpath", "xpath_exists").params(sqlExpressions().count(2, 3)))]]></place>
    </injection>
    <injection language="PostgreSQL" injector-id="sql">
      <display-name>PostgreSQL dblink</display-name>
      <place><![CDATA[sqlElement().forDialects("PostgreSQL").functionArgument(0, sqlFunctionCall().name("dblink", "dblink_exec").params(sqlExpressions().count(1, 2).atOpt(1, sqlExpression().withType("boolean"))))]]></place>
      <place><![CDATA[sqlElement().forDialects("PostgreSQL").functionArgument(1, sqlFunctionCall().name("dblink", "dblink_exec").params(sqlExpressions().count(2, 3)))]]></place>
      <place><![CDATA[sqlElement().forDialects("PostgreSQL").functionArgument(1, sqlFunctionCall().name("dblink_open").params(sqlExpressions().count(2, 3).atOpt(2, sqlExpression().withType("boolean"))))]]></place>
      <place><![CDATA[sqlElement().forDialects("PostgreSQL").functionArgument(1, sqlFunctionCall().name("dblink_send_query").params(sqlExpressions().count(2)))]]></place>
      <place><![CDATA[sqlElement().forDialects("PostgreSQL").functionArgument(2, sqlFunctionCall().name("dblink_open").params(sqlExpressions().count(3, 4)))]]></place>
    </injection>
    <injection language="XML" injector-id="sql">
      <display-name>Sybase XML</display-name>
      <place><![CDATA[sqlElement().forDialects("Sybase").binaryExpressionArgument(1, sqlBinaryExpression().operation(leafTokens("xmltest").or("not", "xmltest")))]]></place>
      <place><![CDATA[sqlElement().forDialects("Sybase").functionArgument(0, sqlFunctionCall().name("xmlparse", "xmlvalidate"))]]></place>
      <place><![CDATA[sqlElement().forDialects("Sybase").functionArgument(1, sqlFunctionCall().name("xmlextract"))]]></place>
    </injection>
    <injection language="XPath2" injector-id="sql">
      <display-name>Sybase XPath</display-name>
      <place><![CDATA[sqlElement().forDialects("Sybase").binaryExpressionArgument(0, sqlBinaryExpression().operation(leafTokens("xmltest").or("not", "xmltest")))]]></place>
      <place><![CDATA[sqlElement().forDialects("Sybase").functionArgument(0, sqlFunctionCall().name("xmlextract"))]]></place>
    </injection>
  </component>
</application>