<application>
  <component name="ProjectJdkTable">
    <jdk version="2">
      <name value="ruby-1.8.7-p249" />
      <type value="RUBY_SDK" />
      <version value="ver.1.8.7 p249" />
      <homePath value="/usr/bin/ruby" />
      <roots>
        <classPath>
          <root type="composite">
            <root url="file:///Library/Ruby/Site/1.8" type="simple" />
            <root url="file:///Library/Ruby/Site/1.8/universal-darwin11.0" type="simple" />
            <root url="file:///Library/Ruby/Site" type="simple" />
            <root url="file:///System/Library/Frameworks/Ruby.framework/Versions/1.8/usr/lib/ruby/vendor_ruby/1.8" type="simple" />
            <root url="file:///System/Library/Frameworks/Ruby.framework/Versions/1.8/usr/lib/ruby/vendor_ruby/1.8/universal-darwin11.0" type="simple" />
            <root url="file:///System/Library/Frameworks/Ruby.framework/Versions/1.8/usr/lib/ruby/vendor_ruby" type="simple" />
            <root url="file:///System/Library/Frameworks/Ruby.framework/Versions/1.8/usr/lib/ruby/1.8" type="simple" />
            <root url="file:///System/Library/Frameworks/Ruby.framework/Versions/1.8/usr/lib/ruby/1.8/universal-darwin11.0" type="simple" />
            <root url="file://$APPLICATION_HOME_DIR$/rubystubs18" type="simple" />
          </root>
        </classPath>
        <sourcePath>
          <root type="composite">
            <root url="file:///Library/Ruby/Site/1.8" type="simple" />
            <root url="file:///Library/Ruby/Site/1.8/universal-darwin11.0" type="simple" />
            <root url="file:///Library/Ruby/Site" type="simple" />
            <root url="file:///System/Library/Frameworks/Ruby.framework/Versions/1.8/usr/lib/ruby/vendor_ruby/1.8" type="simple" />
            <root url="file:///System/Library/Frameworks/Ruby.framework/Versions/1.8/usr/lib/ruby/vendor_ruby/1.8/universal-darwin11.0" type="simple" />
            <root url="file:///System/Library/Frameworks/Ruby.framework/Versions/1.8/usr/lib/ruby/vendor_ruby" type="simple" />
            <root url="file:///System/Library/Frameworks/Ruby.framework/Versions/1.8/usr/lib/ruby/1.8" type="simple" />
            <root url="file:///System/Library/Frameworks/Ruby.framework/Versions/1.8/usr/lib/ruby/1.8/universal-darwin11.0" type="simple" />
            <root url="file://$APPLICATION_HOME_DIR$/rubystubs18" type="simple" />
          </root>
        </sourcePath>
      </roots>
      <additional />
    </jdk>
    <jdk version="2">
      <name value="ruby-1.9.3-p194" />
      <type value="RUBY_SDK" />
      <version value="ver.1.9.3p194 ( revision 35410) p194" />
      <homePath value="$USER_HOME$/.rbenv/versions/1.9.3-p194/bin/ruby" />
      <roots>
        <classPath>
          <root type="composite">
            <root url="file://$USER_HOME$/.rbenv/versions/1.9.3-p194/lib/ruby/site_ruby/1.9.1" type="simple" />
            <root url="file://$USER_HOME$/.rbenv/versions/1.9.3-p194/lib/ruby/site_ruby/1.9.1/x86_64-darwin11.4.2" type="simple" />
            <root url="file://$USER_HOME$/.rbenv/versions/1.9.3-p194/lib/ruby/site_ruby" type="simple" />
            <root url="file://$USER_HOME$/.rbenv/versions/1.9.3-p194/lib/ruby/vendor_ruby/1.9.1" type="simple" />
            <root url="file://$USER_HOME$/.rbenv/versions/1.9.3-p194/lib/ruby/vendor_ruby/1.9.1/x86_64-darwin11.4.2" type="simple" />
            <root url="file://$USER_HOME$/.rbenv/versions/1.9.3-p194/lib/ruby/vendor_ruby" type="simple" />
            <root url="file://$USER_HOME$/.rbenv/versions/1.9.3-p194/lib/ruby/1.9.1" type="simple" />
            <root url="file://$USER_HOME$/.rbenv/versions/1.9.3-p194/lib/ruby/1.9.1/x86_64-darwin11.4.2" type="simple" />
            <root url="file://$APPLICATION_HOME_DIR$/rubystubs193" type="simple" />
          </root>
        </classPath>
        <sourcePath>
          <root type="composite">
            <root url="file://$USER_HOME$/.rbenv/versions/1.9.3-p194/lib/ruby/site_ruby/1.9.1" type="simple" />
            <root url="file://$USER_HOME$/.rbenv/versions/1.9.3-p194/lib/ruby/site_ruby/1.9.1/x86_64-darwin11.4.2" type="simple" />
            <root url="file://$USER_HOME$/.rbenv/versions/1.9.3-p194/lib/ruby/site_ruby" type="simple" />
            <root url="file://$USER_HOME$/.rbenv/versions/1.9.3-p194/lib/ruby/vendor_ruby/1.9.1" type="simple" />
            <root url="file://$USER_HOME$/.rbenv/versions/1.9.3-p194/lib/ruby/vendor_ruby/1.9.1/x86_64-darwin11.4.2" type="simple" />
            <root url="file://$USER_HOME$/.rbenv/versions/1.9.3-p194/lib/ruby/vendor_ruby" type="simple" />
            <root url="file://$USER_HOME$/.rbenv/versions/1.9.3-p194/lib/ruby/1.9.1" type="simple" />
            <root url="file://$USER_HOME$/.rbenv/versions/1.9.3-p194/lib/ruby/1.9.1/x86_64-darwin11.4.2" type="simple" />
            <root url="file://$APPLICATION_HOME_DIR$/rubystubs193" type="simple" />
          </root>
        </sourcePath>
      </roots>
      <additional />
    </jdk>
    <jdk version="2">
      <name value="Python 3.9 (pages-asset-uploader)" />
      <type value="Python SDK" />
      <version value="Python 3.9.4" />
      <homePath value="$USER_HOME$/src/work/pages-asset-uploader/venv/bin/python" />
      <roots>
        <classPath>
          <root type="composite">
            <root url="file:///usr/local/Cellar/python@3.9/3.9.4/Frameworks/Python.framework/Versions/3.9/lib/python3.9" type="simple" />
            <root url="file:///usr/local/Cellar/python@3.9/3.9.4/Frameworks/Python.framework/Versions/3.9/lib/python3.9/lib-dynload" type="simple" />
            <root url="file://$USER_HOME$/src/work/pages-asset-uploader/venv/lib/python3.9/site-packages" type="simple" />
            <root url="file://$USER_HOME$/Library/Caches/JetBrains/GoLand2020.3/python_stubs/1839692169" type="simple" />
            <root url="file://$APPLICATION_PLUGINS_DIR$/python-ce/helpers/python-skeletons" type="simple" />
            <root url="file://$APPLICATION_PLUGINS_DIR$/python-ce/helpers/typeshed/stdlib/3.9" type="simple" />
            <root url="file://$APPLICATION_PLUGINS_DIR$/python-ce/helpers/typeshed/stdlib/3.7" type="simple" />
            <root url="file://$APPLICATION_PLUGINS_DIR$/python-ce/helpers/typeshed/stdlib/3" type="simple" />
            <root url="file://$APPLICATION_PLUGINS_DIR$/python-ce/helpers/typeshed/stdlib/2and3" type="simple" />
            <root url="file://$APPLICATION_PLUGINS_DIR$/python-ce/helpers/typeshed/third_party/3" type="simple" />
            <root url="file://$APPLICATION_PLUGINS_DIR$/python-ce/helpers/typeshed/third_party/2and3" type="simple" />
          </root>
        </classPath>
        <sourcePath>
          <root type="composite" />
        </sourcePath>
      </roots>
      <additional ASSOCIATED_PROJECT_PATH="$USER_HOME$/src/work/pages-asset-uploader" />
    </jdk>
  </component>
</application>