<application>
  <component name="ParameterNameHintsSettings">
    <blacklists>
      <blacklist language="Go">
        <added pattern="METHOD_SPEC:code.cfops.it/ew/funfetti/internal/application/github#App.GetGraphQL(ctx,ghInstallationID,query,resultStruct)" />
      </blacklist>
    </blacklists>
    <disabledLanguages>
      <language id="TypeScript" />
      <language id="Angular2Html" />
      <language id="JavaScript" />
      <language id="Vue" />
    </disabledLanguages>
  </component>
</application>