<application>
  <component name="UISettings">
    <option name="EDITOR_TAB_LIMIT" value="25" />
    <option name="HIDE_KNOWN_EXTENSION_IN_TABS" value="true" />
    <option name="HIDE_TOOL_STRIPES" value="true" />
    <option name="MAX_LOOKUP_LIST_HEIGHT" value="6" />
    <option name="RECENT_FILES_LIMIT" value="1000" />
    <option name="SCROLL_TAB_LAYOUT_IN_EDITOR" value="false" />
    <option name="SHOW_CLOSE_BUTTON" value="false" />
    <option name="SHOW_NAVIGATION_BAR" value="false" />
  </component>
</application>