<application>
  <component name="GoUsageSettings">
    <option name="SHOW_USAGES_IN_COMMENTS" value="false" />
  </component>
  <component name="ImportFilteringUsageViewSetting">
    <option name="SHOW_IMPORTS" value="false" />
  </component>
  <component name="ShowUsagesSettings">
    <option name="GROUP_BY_FILE_STRUCTURE" value="true" />
  </component>
  <component name="UsageFilteringRuleState">
    <option value="com.intellij.usages.impl.rules.UsageInGeneratedCodeFilteringRule" />
    <option value="com.intellij.usages.impl.rules.ImportUsageFilteringRule" />
  </component>
  <component name="UsageViewSettings">
    <option name="IS_EXPANDED" value="true" />
    <option name="FLATTEN_MODULES" value="false" />
    <option name="GROUP_BY_USAGE_TYPE" value="false" />
  </component>
</application>