<code_scheme name="Default (1)" version="173">
  <option name="AUTODETECT_INDENTS" value="false" />
  <RiderCodeStyleSettings>
    <option name="/Default/CodeStyle/CodeFormatting/CppClangFormat/EnableClangFormatSupport/@EntryValue" value="false" type="bool" />
    <option name="/Default/CodeStyle/EditorConfig/EnableClangFormatSupport/@EntryValue" value="false" type="bool" />
    <option name="/Default/CodeStyle/CodeFormatting/CppFormatting/ALIGN_MULTILINE_BINARY_EXPRESSIONS_CHAIN/@EntryValue" value="true" type="bool" />
    <option name="/Default/CodeStyle/CodeFormatting/CppFormatting/ALIGN_MULTILINE_CALLS_CHAIN/@EntryValue" value="false" type="bool" />
    <option name="/Default/CodeStyle/CodeFormatting/CppFormatting/ALIGN_MULTILINE_EXPRESSION/@EntryValue" value="false" type="bool" />
    <option name="/Default/CodeStyle/CodeFormatting/CppFormatting/ALIGN_MULTILINE_FOR_STMT/@EntryValue" value="true" type="bool" />
    <option name="/Default/CodeStyle/CodeFormatting/CppFormatting/ALIGN_MULTIPLE_DECLARATION/@EntryValue" value="false" type="bool" />
    <option name="/Default/CodeStyle/CodeFormatting/CppFormatting/ALIGN_TERNARY/@EntryValue" value="ALIGN_ALL" type="string" />
    <option name="/Default/CodeStyle/CodeFormatting/CppFormatting/BLANK_LINES_AROUND_CLASS_DEFINITION/@EntryValue" value="1" type="int" />
    <option name="/Default/CodeStyle/CodeFormatting/CppFormatting/KEEP_BLANK_LINES_IN_DECLARATIONS/@EntryValue" value="2" type="int" />
    <option name="/Default/CodeStyle/CodeFormatting/CppFormatting/KEEP_BLANK_LINES_IN_CODE/@EntryValue" value="2" type="int" />
    <option name="/Default/CodeStyle/CodeFormatting/CppFormatting/KEEP_USER_LINEBREAKS/@EntryValue" value="true" type="bool" />
    <option name="/Default/CodeStyle/CodeFormatting/CppFormatting/INDENT_CASE_FROM_SWITCH/@EntryValue" value="true" type="bool" />
    <option name="/Default/CodeStyle/CodeFormatting/CppFormatting/INDENT_COMMENT/@EntryValue" value="true" type="bool" />
    <option name="/Default/CodeStyle/CodeFormatting/CppFormatting/INT_ALIGN_EQ/@EntryValue" value="false" type="bool" />
    <option name="/Default/CodeStyle/CodeFormatting/CppFormatting/SIMPLE_BLOCK_STYLE/@EntryValue" value="DO_NOT_CHANGE" type="string" />
    <option name="/Default/CodeStyle/CodeFormatting/CppFormatting/SPACE_AFTER_COMMA_IN_TEMPLATE_ARGS/@EntryValue" value="true" type="bool" />
    <option name="/Default/CodeStyle/CodeFormatting/CppFormatting/SPACE_AFTER_COMMA_IN_TEMPLATE_PARAMS/@EntryValue" value="true" type="bool" />
    <option name="/Default/CodeStyle/CodeFormatting/CppFormatting/SPACE_AFTER_FOR_SEMICOLON/@EntryValue" value="true" type="bool" />
    <option name="/Default/CodeStyle/CodeFormatting/CppFormatting/SPACE_BEFORE_FOR_SEMICOLON/@EntryValue" value="false" type="bool" />
    <option name="/Default/CodeStyle/CodeFormatting/CppFormatting/SPACE_AFTER_UNARY_OPERATOR/@EntryValue" value="false" type="bool" />
    <option name="/Default/CodeStyle/CodeFormatting/CppFormatting/SPACE_WITHIN_ARRAY_ACCESS_BRACKETS/@EntryValue" value="false" type="bool" />
    <option name="/Default/CodeStyle/CodeFormatting/CppFormatting/SPACE_WITHIN_CAST_EXPRESSION_PARENTHESES/@EntryValue" value="false" type="bool" />
    <option name="/Default/CodeStyle/CodeFormatting/CppFormatting/SPACE_WITHIN_EMPTY_INITIALIZER_BRACES/@EntryValue" value="false" type="bool" />
    <option name="/Default/CodeStyle/CodeFormatting/CppFormatting/SPACE_WITHIN_EMPTY_METHOD_PARENTHESES/@EntryValue" value="false" type="bool" />
    <option name="/Default/CodeStyle/CodeFormatting/CppFormatting/SPACE_WITHIN_INITIALIZER_BRACES/@EntryValue" value="false" type="bool" />
    <option name="/Default/CodeStyle/CodeFormatting/CppFormatting/SPECIAL_ELSE_IF_TREATMENT/@EntryValue" value="true" type="bool" />
    <option name="/Default/CodeStyle/CodeFormatting/CppFormatting/SPACE_AFTER_CAST_EXPRESSION_PARENTHESES/@EntryValue" value="true" type="bool" />
    <option name="/Default/CodeStyle/CodeFormatting/CppFormatting/WRAP_AFTER_BINARY_OPSIGN/@EntryValue" value="true" type="bool" />
    <option name="/Default/CodeStyle/CodeFormatting/CppFormatting/WRAP_BEFORE_TERNARY_OPSIGNS/@EntryValue" value="true" type="bool" />
    <option name="/Default/CodeStyle/CodeFormatting/CppFormatting/TYPE_DECLARATION_BRACES/@EntryValue" value="END_OF_LINE" type="string" />
    <option name="/Default/CodeStyle/CodeFormatting/CppFormatting/OTHER_BRACES/@EntryValue" value="END_OF_LINE" type="string" />
    <option name="/Default/CodeStyle/CodeFormatting/CppFormatting/CASE_BLOCK_BRACES/@EntryValue" value="END_OF_LINE" type="string" />
    <option name="/Default/CodeStyle/CodeFormatting/CppFormatting/BLANK_LINES_AROUND_FUNCTION_DECLARATION/@EntryValue" value="1" type="int" />
    <option name="/Default/CodeStyle/CodeFormatting/CppFormatting/BLANK_LINES_AROUND_FUNCTION_DEFINITION/@EntryValue" value="1" type="int" />
    <option name="/Default/CodeStyle/CodeFormatting/CppFormatting/PLACE_WHILE_ON_NEW_LINE/@EntryValue" value="false" type="bool" />
    <option name="/Default/CodeStyle/CodeFormatting/CppFormatting/PLACE_ELSE_ON_NEW_LINE/@EntryValue" value="false" type="bool" />
    <option name="/Default/CodeStyle/CodeFormatting/CppFormatting/PLACE_CATCH_ON_NEW_LINE/@EntryValue" value="false" type="bool" />
    <option name="/Default/CodeStyle/CodeFormatting/CppFormatting/NAMESPACE_INDENTATION/@EntryValue" value="All" type="string" />
    <option name="/Default/CodeStyle/CodeFormatting/CppFormatting/ALIGN_MULTILINE_ARGUMENT/@EntryValue" value="true" type="bool" />
    <option name="/Default/CodeStyle/CodeFormatting/CppFormatting/ALIGN_MULTILINE_EXTENDS_LIST/@EntryValue" value="true" type="bool" />
    <option name="/Default/CodeStyle/CodeFormatting/CppFormatting/ALIGN_MULTILINE_PARAMETER/@EntryValue" value="true" type="bool" />
    <option name="/Default/CodeStyle/CodeFormatting/CppFormatting/ALIGN_MULTILINE_TYPE_ARGUMENT/@EntryValue" value="false" type="bool" />
    <option name="/Default/CodeStyle/CodeFormatting/CppFormatting/ALIGN_MULTILINE_TYPE_PARAMETER/@EntryValue" value="false" type="bool" />
    <option name="/Default/CodeStyle/CodeFormatting/CppFormatting/BLANK_LINES_AROUND_DECLARATIONS/@EntryValue" value="0" type="int" />
    <option name="/Default/CodeStyle/CodeFormatting/CppFormatting/INDENT_ACCESS_SPECIFIERS_FROM_CLASS/@EntryValue" value="false" type="bool" />
    <option name="/Default/CodeStyle/CodeFormatting/CppFormatting/INDENT_CLASS_MEMBERS_FROM_ACCESS_SPECIFIERS/@EntryValue" value="true" type="bool" />
    <option name="/Default/CodeStyle/CodeFormatting/CppFormatting/LINE_BREAK_AFTER_COLON_IN_MEMBER_INITIALIZER_LISTS/@EntryValue" value="ON_SINGLE_LINE" type="string" />
    <option name="/Default/CodeStyle/CodeFormatting/CppFormatting/MEMBER_INITIALIZER_LIST_STYLE/@EntryValue" value="DO_NOT_CHANGE" type="string" />
    <option name="/Default/CodeStyle/CodeFormatting/CppFormatting/PLACE_NAMESPACE_DEFINITIONS_ON_SAME_LINE/@EntryValue" value="false" type="bool" />
    <option name="/Default/CodeStyle/CodeFormatting/CppFormatting/SPACE_AFTER_COLON_IN_BITFIELD_DECLARATOR/@EntryValue" value="true" type="bool" />
    <option name="/Default/CodeStyle/CodeFormatting/CppFormatting/SPACE_BEFORE_COLON_IN_BITFIELD_DECLARATOR/@EntryValue" value="false" type="bool" />
    <option name="/Default/CodeStyle/CodeFormatting/CppFormatting/SPACE_AFTER_EXTENDS_COLON/@EntryValue" value="true" type="bool" />
    <option name="/Default/CodeStyle/CodeFormatting/CppFormatting/SPACE_BEFORE_EXTENDS_COLON/@EntryValue" value="true" type="bool" />
    <option name="/Default/CodeStyle/CodeFormatting/CppFormatting/SPACE_AFTER_FOR_COLON/@EntryValue" value="true" type="bool" />
    <option name="/Default/CodeStyle/CodeFormatting/CppFormatting/SPACE_BEFORE_FOR_COLON/@EntryValue" value="false" type="bool" />
    <option name="/Default/CodeStyle/CodeFormatting/CppFormatting/SPACE_AFTER_PTR_IN_DATA_MEMBER/@EntryValue" value="false" type="bool" />
    <option name="/Default/CodeStyle/CodeFormatting/CppFormatting/SPACE_AFTER_PTR_IN_DATA_MEMBERS/@EntryValue" value="false" type="bool" />
    <option name="/Default/CodeStyle/CodeFormatting/CppFormatting/SPACE_AFTER_PTR_IN_METHOD/@EntryValue" value="false" type="bool" />
    <option name="/Default/CodeStyle/CodeFormatting/CppFormatting/SPACE_AFTER_PTR_IN_NESTED_DECLARATOR/@EntryValue" value="false" type="bool" />
    <option name="/Default/CodeStyle/CodeFormatting/CppFormatting/SPACE_AFTER_REF_IN_DATA_MEMBER/@EntryValue" value="false" type="bool" />
    <option name="/Default/CodeStyle/CodeFormatting/CppFormatting/SPACE_AFTER_REF_IN_DATA_MEMBERS/@EntryValue" value="false" type="bool" />
    <option name="/Default/CodeStyle/CodeFormatting/CppFormatting/SPACE_AFTER_REF_IN_METHOD/@EntryValue" value="false" type="bool" />
    <option name="/Default/CodeStyle/CodeFormatting/CppFormatting/SPACE_BEFORE_PTR_IN_ABSTRACT_DECL/@EntryValue" value="true" type="bool" />
    <option name="/Default/CodeStyle/CodeFormatting/CppFormatting/SPACE_BEFORE_PTR_IN_DATA_MEMBER/@EntryValue" value="true" type="bool" />
    <option name="/Default/CodeStyle/CodeFormatting/CppFormatting/SPACE_BEFORE_PTR_IN_DATA_MEMBERS/@EntryValue" value="true" type="bool" />
    <option name="/Default/CodeStyle/CodeFormatting/CppFormatting/SPACE_BEFORE_PTR_IN_METHOD/@EntryValue" value="true" type="bool" />
    <option name="/Default/CodeStyle/CodeFormatting/CppFormatting/SPACE_BEFORE_REF_IN_ABSTRACT_DECL/@EntryValue" value="true" type="bool" />
    <option name="/Default/CodeStyle/CodeFormatting/CppFormatting/SPACE_BEFORE_REF_IN_DATA_MEMBER/@EntryValue" value="true" type="bool" />
    <option name="/Default/CodeStyle/CodeFormatting/CppFormatting/SPACE_BEFORE_REF_IN_DATA_MEMBERS/@EntryValue" value="true" type="bool" />
    <option name="/Default/CodeStyle/CodeFormatting/CppFormatting/SPACE_BEFORE_REF_IN_METHOD/@EntryValue" value="true" type="bool" />
    <option name="/Default/CodeStyle/CodeFormatting/CppFormatting/SPACE_BEFORE_TEMPLATE_ARGS/@EntryValue" value="false" type="bool" />
    <option name="/Default/CodeStyle/CodeFormatting/CppFormatting/SPACE_BEFORE_TEMPLATE_PARAMS/@EntryValue" value="false" type="bool" />
    <option name="/Default/CodeStyle/CodeFormatting/CppFormatting/SPACE_BETWEEN_CLOSING_ANGLE_BRACKETS_IN_TEMPLATE_ARGS/@EntryValue" value="true" type="bool" />
    <option name="/Default/CodeStyle/CodeFormatting/CppFormatting/SPACE_WITHIN_EMPTY_TEMPLATE_PARAMS/@EntryValue" value="false" type="bool" />
    <option name="/Default/CodeStyle/CodeFormatting/CppFormatting/SPACE_WITHIN_TEMPLATE_ARGS/@EntryValue" value="false" type="bool" />
    <option name="/Default/CodeStyle/CodeFormatting/CppFormatting/SPACE_WITHIN_TEMPLATE_PARAMS/@EntryValue" value="false" type="bool" />
    <option name="/Default/CodeStyle/CodeFormatting/CppFormatting/SPACE_WITHIN_DECLARATION_PARENTHESES/@EntryValue" value="false" type="bool" />
    <option name="/Default/CodeStyle/CodeFormatting/CppFormatting/SPACE_WITHIN_EMPTY_BLOCKS/@EntryValue" value="false" type="bool" />
    <option name="/Default/CodeStyle/CodeFormatting/CppFormatting/WRAP_BEFORE_INVOCATION_LPAR/@EntryValue" value="false" type="bool" />
    <option name="/Default/CodeStyle/CodeFormatting/CppFormatting/WRAP_AFTER_INVOCATION_LPAR/@EntryValue" value="false" type="bool" />
    <option name="/Default/CodeStyle/CodeFormatting/CppFormatting/WRAP_BEFORE_INVOCATION_RPAR/@EntryValue" value="false" type="bool" />
    <option name="/Default/CodeStyle/CodeFormatting/CppFormatting/WRAP_BEFORE_DECLARATION_LPAR/@EntryValue" value="false" type="bool" />
    <option name="/Default/CodeStyle/CodeFormatting/CppFormatting/WRAP_AFTER_DECLARATION_LPAR/@EntryValue" value="false" type="bool" />
    <option name="/Default/CodeStyle/CodeFormatting/CppFormatting/WRAP_BEFORE_DECLARATION_RPAR/@EntryValue" value="false" type="bool" />
    <option name="/Default/CodeStyle/CodeFormatting/CppFormatting/WRAP_ARGUMENTS_STYLE/@EntryValue" value="WRAP_IF_LONG" type="string" />
    <option name="/Default/CodeStyle/CodeFormatting/CppFormatting/WRAP_PARAMETERS_STYLE/@EntryValue" value="WRAP_IF_LONG" type="string" />
    <option name="/Default/CodeStyle/CodeFormatting/CppFormatting/BREAK_TEMPLATE_DECLARATION/@EntryValue" value="LINE_BREAK" type="string" />
    <option name="/Default/CodeStyle/CodeFormatting/CppFormatting/NAMESPACE_DECLARATION_BRACES/@EntryValue" value="END_OF_LINE" type="string" />
    <option name="/Default/CodeStyle/CodeFormatting/CppFormatting/FREE_BLOCK_BRACES/@EntryValue" value="END_OF_LINE" type="string" />
    <option name="/Default/CodeStyle/CodeFormatting/CppFormatting/INVOCABLE_DECLARATION_BRACES/@EntryValue" value="END_OF_LINE" type="string" />
    <option name="/Default/CodeStyle/CodeFormatting/CppFormatting/ANONYMOUS_METHOD_DECLARATION_BRACES/@EntryValue" value="END_OF_LINE" type="string" />
    <option name="/Default/CodeStyle/CodeFormatting/CppFormatting/INITIALIZER_BRACES/@EntryValue" value="END_OF_LINE_NO_SPACE" type="string" />
    <option name="/Default/CodeStyle/CodeFormatting/CppFormatting/INDENT_STYLE/@EntryValue" value="Space" type="string" />
    <option name="/Default/CodeStyle/CodeFormatting/CppFormatting/INDENT_SIZE/@EntryValue" value="4" type="int" />
    <option name="/Default/CodeStyle/CodeFormatting/CppFormatting/CONTINUOUS_LINE_INDENT/@EntryValue" value="Double" type="string" />
    <option name="/Default/CodeStyle/CodeFormatting/CppFormatting/TAB_WIDTH/@EntryValue" value="4" type="int" />
  </RiderCodeStyleSettings>
  <codeStyleSettings language="CSS">
    <indentOptions>
      <option name="INDENT_SIZE" value="2" />
      <option name="TAB_SIZE" value="2" />
    </indentOptions>
  </codeStyleSettings>
  <codeStyleSettings language="JavaScript">
    <indentOptions>
      <option name="INDENT_SIZE" value="2" />
      <option name="TAB_SIZE" value="2" />
    </indentOptions>
  </codeStyleSettings>
  <codeStyleSettings language="Markdown">
    <indentOptions>
      <option name="INDENT_SIZE" value="2" />
      <option name="TAB_SIZE" value="2" />
    </indentOptions>
  </codeStyleSettings>
  <codeStyleSettings language="TypeScript">
    <indentOptions>
      <option name="INDENT_SIZE" value="2" />
      <option name="CONTINUATION_INDENT_SIZE" value="2" />
      <option name="TAB_SIZE" value="2" />
    </indentOptions>
  </codeStyleSettings>
</code_scheme>