<application>
  <component name="GeneralSettings">
    <option name="showTipsOnStartup" value="false" />
    <option name="searchInBackground" value="true" />
    <option name="confirmExit" value="false" />
    <option name="confirmOpenNewProject2" value="0" />
    <option name="processCloseConfirmation" value="TERMINATE" />
    <option name="inactiveTimeout" value="2" />
  </component>
  <component name="Registry">
    <entry key="eslint.additional.file.extensions" value="svelte" source="SYSTEM" />
    <entry key="debugger.new.tool.window.layout" value="true" source="SYSTEM" />
    <entry key="ide.experimental.ui" value="true" source="SYSTEM" />
    <entry key="ide.balloon.shadow.size" value="0" source="SYSTEM" />
    <entry key="debugger.watches.in.variables" value="false" source="SYSTEM" />
    <entry key="org.toml.json.schema" value="false" source="SYSTEM" />
    <entry key="debugger.attach.dialog.enabled" value="true" source="SYSTEM" />
    <entry key="cache.folding.model.on.disk" value="false" source="SYSTEM" />
  </component>
  <component name="StatusBar">
    <option name="widgets">
      <map>
        <entry key="Memory" value="true" />
        <entry key="webDeployment.default.server.widget" value="false" />
      </map>
    </option>
  </component>
</application>