<application>
  <component name="LanguageInjectionConfiguration">
    <injection language="SCSS" injector-id="js">
      <display-name>styled-components</display-name>
      <prefix>dummy_selector {</prefix>
      <suffix>}</suffix>
      <place disabled="true"><![CDATA[jsLiteralExpression().and(jsArgument("styled", 0))]]></place>
      <place disabled="true"><![CDATA[jsLiteralExpression().withParent(psiElement().withParent(psiElement().withText(string().startsWith("Styled"))))]]></place>
      <place disabled="true"><![CDATA[jsLiteralExpression().withParent(psiElement().withText(string().contains(".extend")))]]></place>
      <place disabled="true"><![CDATA[jsLiteralExpression().withParent(psiElement().withText(string().startsWith("injectGlobal")))]]></place>
      <place disabled="true"><![CDATA[jsLiteralExpression().withParent(psiElement().withText(string().startsWith("styled")))]]></place>
    </injection>
  </component>
</application>