<application>
  <component name="IntentionManagerSettings">
    <ignoreAction name="Language Injection/Inject Language/Reference" />
    <ignoreAction name="CoffeeScript/Replace Double-Quoted String with Single-Quoted String" />
    <ignoreAction name="CoffeeScript/Replace Single-Quoted String with Double-Quoted String" />
    <ignoreAction name="JavaScript/Other/Extract Increment" />
    <ignoreAction name="JavaScript/Other/Replace Double-Quoted String with Single-Quoted String" />
    <ignoreAction name="JavaScript/Other/Replace Single-Quoted String with Double-Quoted String" />
    <ignoreAction name="JavaScript/Declaration/Split Declaration And Initialization" />
    <ignoreAction name="XML/Expand Empty Tag" />
    <ignoreAction name="XML/Split current tag" />
    <ignoreAction name="CSS/Expand CSS shorthand property" />
    <ignoreAction name="XML/Merge Tags" />
    <ignoreAction name="CSS/Create Selector" />
    <ignoreAction name="CSS/Replace quotes" />
    <ignoreAction name="JavaScript/Replace string concatenation with template string" />
    <ignoreAction name="CSS/Extract inline CSS" />
  </component>
</application>