<application>
  <component name="LanguageInjectionConfiguration">
    <injection language="RegExp" injector-id="groovy">
      <display-name>RegExp</display-name>
      <single-file value="true" />
      <place><![CDATA[groovyElement().annotationParam("groovy.lang.Newify", "pattern")]]></place>
      <place><![CDATA[groovyLiteralExpression().regExpOperatorArgument()]]></place>
    </injection>
    <injection language="Spring-MongoDB-JSON" injector-id="java">
      <display-name>Aggregation (org.springframework.data.mongodb.repository)</display-name>
      <ignore-pattern>(:#\{#\w+\}|\?#\{.+\})</ignore-pattern>
      <single-file value="false" />
      <place><![CDATA[psiMethod().withName("collation").withParameters().definedInClass("org.springframework.data.mongodb.repository.Aggregation")]]></place>
      <place><![CDATA[psiMethod().withName("pipeline").withParameters().definedInClass("org.springframework.data.mongodb.repository.Aggregation")]]></place>
      <place><![CDATA[psiMethod().withName("value").withParameters().definedInClass("org.springframework.data.mongodb.repository.Aggregation")]]></place>
    </injection>
    <injection language="http-url-reference" injector-id="java">
      <display-name>Android Volley (com.android.volley)</display-name>
      <single-file value="true" />
      <place><![CDATA[psiParameter().ofMethod(0, psiMethod().withName("ImageRequest").definedInClass("com.android.volley.toolbox.ImageRequest"))]]></place>
      <place><![CDATA[psiParameter().ofMethod(0, psiMethod().withName("JsonArrayRequest").definedInClass("com.android.volley.toolbox.JsonArrayRequest"))]]></place>
      <place><![CDATA[psiParameter().ofMethod(0, psiMethod().withName("JsonObjectRequest").withParameterCount(4).definedInClass("com.android.volley.toolbox.JsonObjectRequest"))]]></place>
      <place><![CDATA[psiParameter().ofMethod(0, psiMethod().withName("StringRequest").withParameterCount(3).definedInClass("com.android.volley.toolbox.StringRequest"))]]></place>
      <place><![CDATA[psiParameter().ofMethod(1, psiMethod().withName("JsonObjectRequest").withParameterCount(5).definedInClass("com.android.volley.toolbox.JsonObjectRequest"))]]></place>
      <place><![CDATA[psiParameter().ofMethod(1, psiMethod().withName("StringRequest").withParameterCount(4).definedInClass("com.android.volley.toolbox.StringRequest"))]]></place>
    </injection>
    <injection language="SQL" injector-id="java">
      <display-name>AsyncQueryRunner (org.apache.commons.dbutils)</display-name>
      <single-file value="true" />
      <place><![CDATA[psiParameter().ofMethod(0, psiMethod().withName("batch").withParameterCount(2).definedInClass("org.apache.commons.dbutils.AsyncQueryRunner"))]]></place>
      <place><![CDATA[psiParameter().ofMethod(0, psiMethod().withName("insertBatch").withParameterCount(3).definedInClass("org.apache.commons.dbutils.AsyncQueryRunner"))]]></place>
      <place><![CDATA[psiParameter().ofMethod(0, psiMethod().withName("query", "insert").withParameters("java.lang.String", "org.apache.commons.dbutils.ResultSetHandler").definedInClass("org.apache.commons.dbutils.AsyncQueryRunner"))]]></place>
      <place><![CDATA[psiParameter().ofMethod(0, psiMethod().withName("query", "insert").withParameters("java.lang.String", "org.apache.commons.dbutils.ResultSetHandler", "java.lang.Object...").definedInClass("org.apache.commons.dbutils.AsyncQueryRunner"))]]></place>
      <place><![CDATA[psiParameter().ofMethod(0, psiMethod().withName("update").withParameters("java.lang.String").definedInClass("org.apache.commons.dbutils.AsyncQueryRunner"))]]></place>
      <place><![CDATA[psiParameter().ofMethod(0, psiMethod().withName("update").withParameters("java.lang.String", "java.lang.Object").definedInClass("org.apache.commons.dbutils.AsyncQueryRunner"))]]></place>
      <place><![CDATA[psiParameter().ofMethod(0, psiMethod().withName("update").withParameters("java.lang.String", "java.lang.Object...").definedInClass("org.apache.commons.dbutils.AsyncQueryRunner"))]]></place>
      <place><![CDATA[psiParameter().ofMethod(1, psiMethod().withName("batch").withParameterCount(3).definedInClass("org.apache.commons.dbutils.AsyncQueryRunner"))]]></place>
      <place><![CDATA[psiParameter().ofMethod(1, psiMethod().withName("insertBatch").withParameterCount(4).definedInClass("org.apache.commons.dbutils.AsyncQueryRunner"))]]></place>
      <place><![CDATA[psiParameter().ofMethod(1, psiMethod().withName("query", "insert").withParameters("java.sql.Connection", "java.lang.String", "org.apache.commons.dbutils.ResultSetHandler").definedInClass("org.apache.commons.dbutils.AsyncQueryRunner"))]]></place>
      <place><![CDATA[psiParameter().ofMethod(1, psiMethod().withName("query", "insert").withParameters("java.sql.Connection", "java.lang.String", "org.apache.commons.dbutils.ResultSetHandler", "java.lang.Object...").definedInClass("org.apache.commons.dbutils.AsyncQueryRunner"))]]></place>
      <place><![CDATA[psiParameter().ofMethod(1, psiMethod().withName("update").withParameters("java.sql.Connection", "java.lang.String").definedInClass("org.apache.commons.dbutils.AsyncQueryRunner"))]]></place>
      <place><![CDATA[psiParameter().ofMethod(1, psiMethod().withName("update").withParameters("java.sql.Connection", "java.lang.String", "java.lang.Object").definedInClass("org.apache.commons.dbutils.AsyncQueryRunner"))]]></place>
      <place><![CDATA[psiParameter().ofMethod(1, psiMethod().withName("update").withParameters("java.sql.Connection", "java.lang.String", "java.lang.Object...").definedInClass("org.apache.commons.dbutils.AsyncQueryRunner"))]]></place>
    </injection>
    <injection language="encoding-reference" injector-id="java">
      <display-name>Charset Name</display-name>
      <single-file value="true" />
      <place><![CDATA[psiParameter().ofMethod(0, psiMethod().withName("forName").withParameters("java.lang.String").definedInClass("java.nio.charset.Charset"))]]></place>
      <place><![CDATA[psiParameter().ofMethod(0, psiMethod().withName("getBytes").withParameters("java.lang.String").definedInClass("java.lang.String"))]]></place>
      <place><![CDATA[psiParameter().ofMethod(0, psiMethod().withName("isSupported").withParameters("java.lang.String").definedInClass("java.nio.charset.Charset"))]]></place>
      <place><![CDATA[psiParameter().ofMethod(0, psiMethod().withName("setCharacterEncoding").withParameters("java.lang.String").definedInClass(psiClass().withQualifiedName(string().oneOf("javax.servlet.ServletResponse", "jakarta.servlet.ServletResponse"))))]]></place>
      <place><![CDATA[psiParameter().ofMethod(0, psiMethod().withName("toString").withParameters("java.lang.String").definedInClass("java.io.ByteArrayOutputStream"))]]></place>
      <place><![CDATA[psiParameter().ofMethod(1, psiMethod().withName("InputStreamReader").withParameters("java.io.InputStream", "java.lang.String").definedInClass("java.io.InputStreamReader"))]]></place>
      <place><![CDATA[psiParameter().ofMethod(1, psiMethod().withName("OutputStreamWriter").withParameters("java.io.OutputStream", "java.lang.String").definedInClass("java.io.OutputStreamWriter"))]]></place>
      <place><![CDATA[psiParameter().ofMethod(1, psiMethod().withName("PrintStream").withParameters("java.io.File", "java.lang.String").definedInClass("java.io.PrintStream"))]]></place>
      <place><![CDATA[psiParameter().ofMethod(1, psiMethod().withName("PrintStream").withParameters("java.lang.String", "java.lang.String").definedInClass("java.io.PrintStream"))]]></place>
      <place><![CDATA[psiParameter().ofMethod(1, psiMethod().withName("String").withParameters("byte[]", "java.lang.String").definedInClass("java.lang.String"))]]></place>
      <place><![CDATA[psiParameter().ofMethod(1, psiMethod().withName("createXMLEventReader").withParameters("java.io.InputStream", "java.lang.String").definedInClass("javax.xml.stream.XMLInputFactory"))]]></place>
      <place><![CDATA[psiParameter().ofMethod(1, psiMethod().withName("createXMLEventWriter").withParameters("java.io.OutputStream", "java.lang.String").definedInClass("javax.xml.stream.XMLInputFactory"))]]></place>
      <place><![CDATA[psiParameter().ofMethod(1, psiMethod().withName("createXMLStreamReader").withParameters("java.io.InputStream", "java.lang.String").definedInClass("javax.xml.stream.XMLInputFactory"))]]></place>
      <place><![CDATA[psiParameter().ofMethod(1, psiMethod().withName("createXMLStreamWriter").withParameters("java.io.OutputStream", "java.lang.String").definedInClass("javax.xml.stream.XMLInputFactory"))]]></place>
      <place><![CDATA[psiParameter().ofMethod(1, psiMethod().withName("decode").withParameters("java.lang.String", "java.lang.String").definedInClass("java.net.URLDecoder"))]]></place>
      <place><![CDATA[psiParameter().ofMethod(1, psiMethod().withName("encode").withParameters("java.lang.String", "java.lang.String").definedInClass("java.net.URLEncoder"))]]></place>
      <place><![CDATA[psiParameter().ofMethod(1, psiMethod().withName("newReader").withParameters("java.nio.channels.ReadableByteChannel", "java.lang.String").definedInClass("java.nio.channels.Channels"))]]></place>
      <place><![CDATA[psiParameter().ofMethod(1, psiMethod().withName("newWriter").withParameters("java.nio.channels.WritableByteChannel", "java.lang.String").definedInClass("java.nio.channels.Channels"))]]></place>
      <place><![CDATA[psiParameter().ofMethod(2, psiMethod().withName("PrintStream").withParameters("java.io.OutputStream", "boolean", "java.lang.String").definedInClass("java.io.PrintStream"))]]></place>
      <place><![CDATA[psiParameter().ofMethod(3, psiMethod().withName("String").withParameters("byte[]", "int", "int", "java.lang.String").definedInClass("java.lang.String"))]]></place>
    </injection>
    <injection language="SQL" injector-id="java">
      <display-name>JDBI (org.jdbi.v3.core)</display-name>
      <ignore-pattern>&lt;\w+&gt;</ignore-pattern>
      <single-file value="true" />
      <place><![CDATA[psiParameter().ofMethod(0, psiMethod().withName("add").withParameters("java.lang.String").definedInClass("org.jdbi.v3.core.statement.Batch"))]]></place>
      <place><![CDATA[psiParameter().ofMethod(0, psiMethod().withName("prepareBatch", "createQuery", "createCall", "createScript", "createUpdate").withParameters("java.lang.String").definedInClass("org.jdbi.v3.core.Handle"))]]></place>
      <place><![CDATA[psiParameter().ofMethod(0, psiMethod().withName("select", "execute").withParameterCount(2).definedInClass("org.jdbi.v3.core.Handle"))]]></place>
    </injection>
    <injection language="SQL" injector-id="java">
      <display-name>Jodd (jodd.db)</display-name>
      <single-file value="true" />
      <place><![CDATA[psiParameter().ofMethod(0, psiMethod().withName("query").withParameterCount(1).definedInClass("jodd.db.DbQuery"))]]></place>
      <place><![CDATA[psiParameter().ofMethod(1, psiMethod().withName("DbQuery").withParameterCount(2).definedInClass("jodd.db.DbQuery"))]]></place>
      <place><![CDATA[psiParameter().ofMethod(1, psiMethod().withName("query").withParameterCount(2).definedInClass("jodd.db.DbQuery"))]]></place>
      <place><![CDATA[psiParameter().ofMethod(2, psiMethod().withName("DbQuery").withParameterCount(3).definedInClass("jodd.db.DbQuery"))]]></place>
    </injection>
    <injection language="JSONPath" injector-id="java">
      <display-name>JsonAsserter (com.jayway.jsonpath)</display-name>
      <single-file value="true" />
      <place><![CDATA[psiParameter().ofMethod(0, psiMethod().withName("assertEquals").definedInClass("com.jayway.jsonassert.JsonAsserter"))]]></place>
      <place><![CDATA[psiParameter().ofMethod(0, psiMethod().withName("assertNotDefined").definedInClass("com.jayway.jsonassert.JsonAsserter"))]]></place>
      <place><![CDATA[psiParameter().ofMethod(0, psiMethod().withName("assertNotNull").definedInClass("com.jayway.jsonassert.JsonAsserter"))]]></place>
      <place><![CDATA[psiParameter().ofMethod(0, psiMethod().withName("assertNull").definedInClass("com.jayway.jsonassert.JsonAsserter"))]]></place>
      <place><![CDATA[psiParameter().ofMethod(0, psiMethod().withName("assertThat").definedInClass("com.jayway.jsonassert.JsonAsserter"))]]></place>
    </injection>
    <injection language="http-header-reference" injector-id="java">
      <display-name>MockServer Header (org.mockserver)</display-name>
      <single-file value="true" />
      <place><![CDATA[psiParameter().ofMethod(0, psiMethod().withName("header").definedInClass("org.mockserver.model.Header"))]]></place>
      <place><![CDATA[psiParameter().ofMethod(0, psiMethod().withName("withHeader").definedInClass("org.mockserver.model.HttpRequest"))]]></place>
      <place><![CDATA[psiParameter().ofMethod(0, psiMethod().withName("withHeader", "getHeader", "getFirstHeader", "containsHeader", "removeHeader").definedInClass("org.mockserver.model.HttpResponse"))]]></place>
    </injection>
    <injection language="http-url-reference" injector-id="java">
      <display-name>OkHttp (okhttp3)</display-name>
      <single-file value="true" />
      <place><![CDATA[psiParameter().ofMethod(0, psiMethod().withName("parse", "get", "newBuilder").withParameters("java.lang.String").definedInClass("okhttp3.HttpUrl"))]]></place>
      <place><![CDATA[psiParameter().ofMethod(0, psiMethod().withName("url").withParameters("java.lang.String").definedInClass("okhttp3.Request.Builder"))]]></place>
    </injection>
    <injection language="JSON5" injector-id="java">
      <display-name>Query (org.springframework.data.mongodb.repository)</display-name>
      <ignore-pattern>:#\{#\w+\}</ignore-pattern>
      <single-file value="false" />
      <place><![CDATA[psiMethod().withName("collation").withParameters().definedInClass("org.springframework.data.mongodb.repository.Query")]]></place>
      <place><![CDATA[psiMethod().withName("fields").withParameters().definedInClass("org.springframework.data.mongodb.repository.Query")]]></place>
      <place><![CDATA[psiMethod().withName("sort").withParameters().definedInClass("org.springframework.data.mongodb.repository.Query")]]></place>
    </injection>
    <injection language="SQL" injector-id="java">
      <display-name>QueryProducer (org.hibernate.query)</display-name>
      <single-file value="true" />
      <place><![CDATA[psiParameter().ofMethod(0, psiMethod().withName("createNativeQuery").definedInClass("org.hibernate.query.QueryProducer"))]]></place>
      <place><![CDATA[psiParameter().ofMethod(0, psiMethod().withName("createSQLQuery").definedInClass("org.hibernate.query.QueryProducer"))]]></place>
    </injection>
    <injection language="SQL" injector-id="java">
      <display-name>QueryRunner (org.apache.commons.dbutils)</display-name>
      <single-file value="true" />
      <place><![CDATA[psiParameter().ofMethod(0, psiMethod().withName("batch").withParameterCount(2).definedInClass("org.apache.commons.dbutils.QueryRunner"))]]></place>
      <place><![CDATA[psiParameter().ofMethod(0, psiMethod().withName("insertBatch").withParameterCount(3).definedInClass("org.apache.commons.dbutils.QueryRunner"))]]></place>
      <place><![CDATA[psiParameter().ofMethod(0, psiMethod().withName("query", "insert").withParameters("java.lang.String", "org.apache.commons.dbutils.ResultSetHandler").definedInClass("org.apache.commons.dbutils.QueryRunner"))]]></place>
      <place><![CDATA[psiParameter().ofMethod(0, psiMethod().withName("query", "insert", "execute").withParameters("java.lang.String", "org.apache.commons.dbutils.ResultSetHandler", "java.lang.Object...").definedInClass("org.apache.commons.dbutils.QueryRunner"))]]></place>
      <place><![CDATA[psiParameter().ofMethod(0, psiMethod().withName("update").withParameters("java.lang.String").definedInClass("org.apache.commons.dbutils.QueryRunner"))]]></place>
      <place><![CDATA[psiParameter().ofMethod(0, psiMethod().withName("update").withParameters("java.lang.String", "java.lang.Object").definedInClass("org.apache.commons.dbutils.QueryRunner"))]]></place>
      <place><![CDATA[psiParameter().ofMethod(0, psiMethod().withName("update", "execute").withParameters("java.lang.String", "java.lang.Object...").definedInClass("org.apache.commons.dbutils.QueryRunner"))]]></place>
      <place><![CDATA[psiParameter().ofMethod(1, psiMethod().withName("batch").withParameterCount(3).definedInClass("org.apache.commons.dbutils.QueryRunner"))]]></place>
      <place><![CDATA[psiParameter().ofMethod(1, psiMethod().withName("insertBatch").withParameterCount(4).definedInClass("org.apache.commons.dbutils.QueryRunner"))]]></place>
      <place><![CDATA[psiParameter().ofMethod(1, psiMethod().withName("query", "insert").withParameters("java.sql.Connection", "java.lang.String", "org.apache.commons.dbutils.ResultSetHandler", "java.lang.Object...").definedInClass("org.apache.commons.dbutils.QueryRunner"))]]></place>
      <place><![CDATA[psiParameter().ofMethod(1, psiMethod().withName("query", "insert", "execute").withParameters("java.sql.Connection", "java.lang.String", "org.apache.commons.dbutils.ResultSetHandler").definedInClass("org.apache.commons.dbutils.QueryRunner"))]]></place>
      <place><![CDATA[psiParameter().ofMethod(1, psiMethod().withName("update").withParameters("java.sql.Connection", "java.lang.String").definedInClass("org.apache.commons.dbutils.QueryRunner"))]]></place>
      <place><![CDATA[psiParameter().ofMethod(1, psiMethod().withName("update").withParameters("java.sql.Connection", "java.lang.String", "java.lang.Object").definedInClass("org.apache.commons.dbutils.QueryRunner"))]]></place>
      <place><![CDATA[psiParameter().ofMethod(1, psiMethod().withName("update", "execute").withParameters("java.sql.Connection", "java.lang.String", "java.lang.Object...").definedInClass("org.apache.commons.dbutils.QueryRunner"))]]></place>
    </injection>
    <injection language="SQL" injector-id="java">
      <display-name>R2DBC (io.r2dbc)</display-name>
      <single-file value="true" />
      <place><![CDATA[psiParameter().ofMethod(0, psiMethod().withName("add").definedInClass("io.r2dbc.spi.Batch"))]]></place>
      <place><![CDATA[psiParameter().ofMethod(0, psiMethod().withName("createStatement").definedInClass("io.r2dbc.spi.Connection"))]]></place>
    </injection>
    <injection language="PostgreSQL" injector-id="java">
      <display-name>Reactiverse Postgres Client (io.reactiverse)</display-name>
      <single-file value="true" />
      <place><![CDATA[psiParameter().ofMethod(0, psiMethod().withName("query", "prepare", "preparedQuery", "preparedBatch").definedInClass("io.reactiverse.pgclient.PgConnection"))]]></place>
      <place><![CDATA[psiParameter().ofMethod(0, psiMethod().withName("query", "prepare", "preparedQuery", "preparedBatch").definedInClass("io.reactiverse.pgclient.PgTransaction"))]]></place>
      <place><![CDATA[psiParameter().ofMethod(0, psiMethod().withName("query", "prepare", "preparedQuery", "preparedBatch", "rxQuery", "rxPrepare", "rxPreparedQuery", "rxPreparedBatch").definedInClass("io.reactiverse.reactivex.pgclient.PgClient"))]]></place>
      <place><![CDATA[psiParameter().ofMethod(0, psiMethod().withName("query", "prepare", "preparedQuery", "preparedBatch", "rxQuery", "rxPrepare", "rxPreparedQuery", "rxPreparedBatch").definedInClass("io.reactiverse.reactivex.pgclient.PgConnection"))]]></place>
      <place><![CDATA[psiParameter().ofMethod(0, psiMethod().withName("query", "prepare", "preparedQuery", "preparedBatch", "rxQuery", "rxPrepare", "rxPreparedQuery", "rxPreparedBatch").definedInClass("io.reactiverse.reactivex.pgclient.PgPool"))]]></place>
      <place><![CDATA[psiParameter().ofMethod(0, psiMethod().withName("query", "prepare", "preparedQuery", "preparedBatch", "rxQuery", "rxPrepare", "rxPreparedQuery", "rxPreparedBatch").definedInClass("io.reactiverse.reactivex.pgclient.PgTransaction"))]]></place>
      <place><![CDATA[psiParameter().ofMethod(0, psiMethod().withName("query", "preparedQuery", "preparedBatch").definedInClass("io.reactiverse.axle.pgclient.PgClient"))]]></place>
      <place><![CDATA[psiParameter().ofMethod(0, psiMethod().withName("query", "preparedQuery", "preparedBatch").definedInClass("io.reactiverse.pgclient.PgClient"))]]></place>
      <place><![CDATA[psiParameter().ofMethod(0, psiMethod().withName("query", "preparedQuery", "preparedBatch").definedInClass("io.reactiverse.pgclient.PgPool"))]]></place>
    </injection>
    <injection language="http-header-reference" injector-id="java">
      <display-name>RestAssured HTTP Header (io.restassured)</display-name>
      <single-file value="true" />
      <place><![CDATA[psiParameter().ofMethod(0, psiMethod().withName("addHeader").definedInClass("io.restassured.builder.RequestSpecBuilder"))]]></place>
      <place><![CDATA[psiParameter().ofMethod(0, psiMethod().withName("header", "getHeader", "headers").definedInClass("io.restassured.response.ResponseOptions"))]]></place>
      <place><![CDATA[psiParameter().ofMethod(0, psiMethod().withName("header", "getHeader", "headers").definedInClass("io.restassured.response.ValidatableResponseOptions"))]]></place>
      <place><![CDATA[psiParameter().ofMethod(0, psiMethod().withName("header", "headers").definedInClass("io.restassured.specification.RequestSpecification"))]]></place>
    </injection>
    <injection language="RoomSql" injector-id="java">
      <display-name>Room Query annotation</display-name>
      <single-file value="true" />
      <place><![CDATA[psiMethod().withName("value").withParameters().definedInClass("android.arch.persistence.room.DatabaseView")]]></place>
      <place><![CDATA[psiMethod().withName("value").withParameters().definedInClass("android.arch.persistence.room.Query")]]></place>
      <place><![CDATA[psiMethod().withName("value").withParameters().definedInClass("androidx.room.DatabaseView")]]></place>
      <place><![CDATA[psiMethod().withName("value").withParameters().definedInClass("androidx.room.Query")]]></place>
    </injection>
    <injection language="RoomSql" injector-id="java">
      <display-name>SQLiteDatabase methods</display-name>
      <single-file value="true" />
      <place><![CDATA[psiParameter().ofMethod(0, psiMethod().withName("compileStatement").withParameters("java.lang.String").definedInClass("android.arch.persistence.db.SupportSQLiteDatabase"))]]></place>
      <place><![CDATA[psiParameter().ofMethod(0, psiMethod().withName("compileStatement").withParameters("java.lang.String").definedInClass("android.database.sqlite.SQLiteDatabase"))]]></place>
      <place><![CDATA[psiParameter().ofMethod(0, psiMethod().withName("compileStatement").withParameters("java.lang.String").definedInClass("androidx.sqlite.db.SupportSQLiteDatabase"))]]></place>
      <place><![CDATA[psiParameter().ofMethod(0, psiMethod().withName("execSQL").withParameters("java.lang.String").definedInClass("android.arch.persistence.db.SupportSQLiteDatabase"))]]></place>
      <place><![CDATA[psiParameter().ofMethod(0, psiMethod().withName("execSQL").withParameters("java.lang.String").definedInClass("android.database.sqlite.SQLiteDatabase"))]]></place>
      <place><![CDATA[psiParameter().ofMethod(0, psiMethod().withName("execSQL").withParameters("java.lang.String").definedInClass("androidx.sqlite.db.SupportSQLiteDatabase"))]]></place>
      <place><![CDATA[psiParameter().ofMethod(0, psiMethod().withName("execSQL").withParameters("java.lang.String", "java.lang.Object[]").definedInClass("android.arch.persistence.db.SupportSQLiteDatabase"))]]></place>
      <place><![CDATA[psiParameter().ofMethod(0, psiMethod().withName("execSQL").withParameters("java.lang.String", "java.lang.Object[]").definedInClass("android.database.sqlite.SQLiteDatabase"))]]></place>
      <place><![CDATA[psiParameter().ofMethod(0, psiMethod().withName("execSQL").withParameters("java.lang.String", "java.lang.Object[]").definedInClass("androidx.sqlite.db.SupportSQLiteDatabase"))]]></place>
      <place><![CDATA[psiParameter().ofMethod(0, psiMethod().withName("rawQuery").withParameters("java.lang.String", "java.lang.String[]").definedInClass("android.database.sqlite.SQLiteDatabase"))]]></place>
      <place><![CDATA[psiParameter().ofMethod(0, psiMethod().withName("rawQuery").withParameters("java.lang.String", "java.lang.String[]", "android.os.CancellationSignal").definedInClass("android.database.sqlite.SQLiteDatabase"))]]></place>
      <place><![CDATA[psiParameter().ofMethod(0, psiMethod().withName("validateSql").withParameters("java.lang.String", "android.os.CancellationSignal").definedInClass("android.database.sqlite.SQLiteDatabase"))]]></place>
      <place><![CDATA[psiParameter().ofMethod(1, psiMethod().withName("rawQueryWithFactory").withParameters("android.database.sqlite.SQLiteDatabase.CursorFactory", "java.lang.String", "java.lang.String[]", "java.lang.String").definedInClass("android.database.sqlite.SQLiteDatabase"))]]></place>
      <place><![CDATA[psiParameter().ofMethod(1, psiMethod().withName("rawQueryWithFactory").withParameters("android.database.sqlite.SQLiteDatabase.CursorFactory", "java.lang.String", "java.lang.String[]", "java.lang.String", "android.os.CancellationSignal").definedInClass("android.database.sqlite.SQLiteDatabase"))]]></place>
    </injection>
    <injection language="RegExp" injector-id="java">
      <display-name>Scanner (java.util)</display-name>
      <single-file value="true" />
      <place><![CDATA[psiParameter().ofMethod(0, psiMethod().withName("findInLine").withParameters("java.lang.String").definedInClass("java.util.Scanner"))]]></place>
      <place><![CDATA[psiParameter().ofMethod(0, psiMethod().withName("findWithinHorizon").withParameters("java.lang.String", "int").definedInClass("java.util.Scanner"))]]></place>
      <place><![CDATA[psiParameter().ofMethod(0, psiMethod().withName("hasNext").withParameters("java.lang.String").definedInClass("java.util.Scanner"))]]></place>
      <place><![CDATA[psiParameter().ofMethod(0, psiMethod().withName("next").withParameters("java.lang.String").definedInClass("java.util.Scanner"))]]></place>
      <place><![CDATA[psiParameter().ofMethod(0, psiMethod().withName("skip").withParameters("java.lang.String").definedInClass("java.util.Scanner"))]]></place>
      <place><![CDATA[psiParameter().ofMethod(0, psiMethod().withName("useDelimiter").withParameters("java.lang.String").definedInClass("java.util.Scanner"))]]></place>
    </injection>
    <injection language="SQL" injector-id="java">
      <display-name>Session.createNativeQuery (org.hibernate)</display-name>
      <single-file value="true" />
      <place><![CDATA[psiParameter().ofMethod(0, psiMethod().withName("createNativeQuery").definedInClass("org.hibernate.reactive.mutiny.Mutiny.Session"))]]></place>
      <place><![CDATA[psiParameter().ofMethod(0, psiMethod().withName("createNativeQuery").definedInClass("org.hibernate.reactive.mutiny.Mutiny.StatelessSession"))]]></place>
      <place><![CDATA[psiParameter().ofMethod(0, psiMethod().withName("createNativeQuery").definedInClass("org.hibernate.reactive.stage.Stage.Session"))]]></place>
      <place><![CDATA[psiParameter().ofMethod(0, psiMethod().withName("createNativeQuery").definedInClass("org.hibernate.reactive.stage.Stage.StatelessSession"))]]></place>
    </injection>
    <injection language="HQL" injector-id="java">
      <display-name>Session.createQuery (org.hibernate)</display-name>
      <single-file value="true" />
      <place><![CDATA[psiParameter().ofMethod(0, psiMethod().withName("createQuery").definedInClass("org.hibernate.Session"))]]></place>
      <place><![CDATA[psiParameter().ofMethod(0, psiMethod().withName("createQuery").definedInClass("org.hibernate.query.QueryProducer"))]]></place>
      <place><![CDATA[psiParameter().ofMethod(0, psiMethod().withName("createQuery").definedInClass("org.hibernate.reactive.mutiny.Mutiny.Session"))]]></place>
      <place><![CDATA[psiParameter().ofMethod(0, psiMethod().withName("createQuery").definedInClass("org.hibernate.reactive.mutiny.Mutiny.StatelessSession"))]]></place>
      <place><![CDATA[psiParameter().ofMethod(0, psiMethod().withName("createQuery").definedInClass("org.hibernate.reactive.stage.Stage.Session"))]]></place>
      <place><![CDATA[psiParameter().ofMethod(0, psiMethod().withName("createQuery").definedInClass("org.hibernate.reactive.stage.Stage.StatelessSession"))]]></place>
      <place><![CDATA[psiParameter().ofMethod(0, psiMethod().withName("createQuery", "createSelectionQuery", "createMutationQuery").definedInClass("org.hibernate.query.QueryProducer"))]]></place>
    </injection>
    <injection language="SQL" injector-id="java">
      <display-name>SmallRye Axle SqlClient (io.vertx.axle.sqlclient)</display-name>
      <single-file value="true" />
      <place><![CDATA[psiParameter().ofMethod(0, psiMethod().withName("query", "preparedQuery", "preparedBatch").definedInClass("io.vertx.axle.sqlclient.Pool"))]]></place>
      <place><![CDATA[psiParameter().ofMethod(0, psiMethod().withName("query", "preparedQuery", "preparedBatch").definedInClass("io.vertx.axle.sqlclient.SqlClient"))]]></place>
    </injection>
    <injection language="SQL" injector-id="java">
      <display-name>SmallRye Mutiny SqlClient (io.vertx.mutiny.sqlclient)</display-name>
      <single-file value="true" />
      <place><![CDATA[psiParameter().ofMethod(0, psiMethod().withName("query", "preparedQuery", "preparedBatch").definedInClass("io.vertx.mutiny.sqlclient.Pool"))]]></place>
      <place><![CDATA[psiParameter().ofMethod(0, psiMethod().withName("query", "preparedQuery", "preparedBatch").definedInClass("io.vertx.mutiny.sqlclient.SqlClient"))]]></place>
    </injection>
    <injection language="SQL" injector-id="java">
      <display-name>SmallRye Mutiny SqlConnection (io.vertx.mutiny.sqlclient)</display-name>
      <single-file value="true" />
      <place><![CDATA[psiParameter().ofMethod(0, psiMethod().withName("prepare", "prepareAndAwait").definedInClass("io.vertx.mutiny.db2client.DB2Connection"))]]></place>
      <place><![CDATA[psiParameter().ofMethod(0, psiMethod().withName("prepare", "prepareAndAwait").definedInClass("io.vertx.mutiny.mssqlclient.MSSQLConnection"))]]></place>
      <place><![CDATA[psiParameter().ofMethod(0, psiMethod().withName("prepare", "prepareAndAwait").definedInClass("io.vertx.mutiny.mysqlclient.MySQLConnection"))]]></place>
      <place><![CDATA[psiParameter().ofMethod(0, psiMethod().withName("prepare", "prepareAndAwait").definedInClass("io.vertx.mutiny.pgclient.PgConnection"))]]></place>
    </injection>
    <injection language="SpEL" injector-id="java">
      <display-name>Spring @Cacheable and @CacheEvict</display-name>
      <single-file value="true" />
      <place><![CDATA[psiMethod().withName("condition").withParameters().definedInClass("org.springframework.cache.annotation.CacheEvict")]]></place>
      <place><![CDATA[psiMethod().withName("condition").withParameters().definedInClass("org.springframework.cache.annotation.CachePut")]]></place>
      <place><![CDATA[psiMethod().withName("condition").withParameters().definedInClass("org.springframework.cache.annotation.Cacheable")]]></place>
      <place><![CDATA[psiMethod().withName("key").withParameters().definedInClass("org.springframework.cache.annotation.CacheEvict")]]></place>
      <place><![CDATA[psiMethod().withName("key").withParameters().definedInClass("org.springframework.cache.annotation.CachePut")]]></place>
      <place><![CDATA[psiMethod().withName("key").withParameters().definedInClass("org.springframework.cache.annotation.Cacheable")]]></place>
      <place><![CDATA[psiMethod().withName("unless").withParameters().definedInClass("org.springframework.cache.annotation.CachePut")]]></place>
      <place><![CDATA[psiMethod().withName("unless").withParameters().definedInClass("org.springframework.cache.annotation.Cacheable")]]></place>
    </injection>
    <injection language="http-header-reference" injector-id="java">
      <display-name>Spring HttpHeaders (org.springframework.http)</display-name>
      <single-file value="true" />
      <place><![CDATA[psiParameter().ofMethod(0, psiMethod().withName("header").definedInClass("org.springframework.http.ResponseEntity.HeadersBuilder"))]]></place>
      <place><![CDATA[psiParameter().ofMethod(0, psiMethod().withName("header").definedInClass("org.springframework.web.servlet.function.ServerResponse.HeadersBuilder"))]]></place>
      <place><![CDATA[psiParameter().ofMethod(0, psiMethod().withName("set", "add", "addAll", "getFirst", "containsKey", "get", "put", "getFirstDate", "setDate", "setInstant", "setZonedDateTime").definedInClass("org.springframework.http.HttpHeaders"))]]></place>
    </injection>
    <injection language="SpEL" injector-id="java">
      <display-name>Spring Integration/Messaging</display-name>
      <single-file value="true" />
      <place><![CDATA[psiMethod().withName("expression").withParameters().definedInClass("org.springframework.messaging.handler.annotation.Payload")]]></place>
      <place><![CDATA[psiMethod().withName("value").withParameters().definedInClass("org.springframework.integration.annotation.Payload")]]></place>
      <place><![CDATA[psiMethod().withName("value").withParameters().definedInClass("org.springframework.messaging.handler.annotation.Payload")]]></place>
    </injection>
    <injection language="SQL" injector-id="java">
      <display-name>Spring JDBC (org.springframework.jdbc.core.PreparedStatementCreatorFactory)</display-name>
      <single-file value="true" />
      <place><![CDATA[psiParameter().ofMethod(0, psiMethod().withName("PreparedStatementCreatorFactory").withParameters("java.lang.String").definedInClass("org.springframework.jdbc.core.PreparedStatementCreatorFactory"))]]></place>
      <place><![CDATA[psiParameter().ofMethod(0, psiMethod().withName("PreparedStatementCreatorFactory").withParameters("java.lang.String", "int[]").definedInClass("org.springframework.jdbc.core.PreparedStatementCreatorFactory"))]]></place>
      <place><![CDATA[psiParameter().ofMethod(0, psiMethod().withName("PreparedStatementCreatorFactory").withParameters("java.lang.String", "java.util.List").definedInClass("org.springframework.jdbc.core.PreparedStatementCreatorFactory"))]]></place>
    </injection>
    <injection language="SQL" injector-id="java">
      <display-name>Spring JDBC (org.springframework.jdbc.support.SQLErrorCodeSQLExceptionTranslator)</display-name>
      <single-file value="true" />
      <place><![CDATA[psiParameter().ofMethod(0, psiMethod().withName("createCustomException").withParameters("java.lang.String", "java.lang.String", "java.sql.SQLException", "java.lang.Class").definedInClass("org.springframework.jdbc.support.SQLErrorCodeSQLExceptionTranslator"))]]></place>
      <place><![CDATA[psiParameter().ofMethod(0, psiMethod().withName("customTranslate").withParameters("java.lang.String", "java.lang.String", "java.sql.SQLException").definedInClass("org.springframework.jdbc.support.SQLErrorCodeSQLExceptionTranslator"))]]></place>
      <place><![CDATA[psiParameter().ofMethod(0, psiMethod().withName("doTranslate").withParameters("java.lang.String", "java.lang.String", "java.sql.SQLException").definedInClass("org.springframework.jdbc.support.SQLErrorCodeSQLExceptionTranslator"))]]></place>
      <place><![CDATA[psiParameter().ofMethod(0, psiMethod().withName("logTranslation").withParameters("java.lang.String", "java.lang.String", "java.sql.SQLException", "boolean").definedInClass("org.springframework.jdbc.support.SQLErrorCodeSQLExceptionTranslator"))]]></place>
    </injection>
    <injection language="SpEL" injector-id="java">
      <display-name>Spring Security @PostAuthorize/@PostFilter/@PreAuthorize/@PreFilter/@AuthenticationPrincipal</display-name>
      <single-file value="true" />
      <place><![CDATA[psiMethod().withName("expression").withParameters().definedInClass("org.springframework.security.core.annotation.AuthenticationPrincipal")]]></place>
      <place><![CDATA[psiMethod().withName("expression").withParameters().definedInClass("org.springframework.security.core.annotation.CurrentSecurityContext")]]></place>
      <place><![CDATA[psiMethod().withName("value").withParameters().definedInClass("org.springframework.security.access.prepost.PostAuthorize")]]></place>
      <place><![CDATA[psiMethod().withName("value").withParameters().definedInClass("org.springframework.security.access.prepost.PostFilter")]]></place>
      <place><![CDATA[psiMethod().withName("value").withParameters().definedInClass("org.springframework.security.access.prepost.PreAuthorize")]]></place>
      <place><![CDATA[psiMethod().withName("value").withParameters().definedInClass("org.springframework.security.access.prepost.PreFilter")]]></place>
    </injection>
    <injection language="SpEL" injector-id="java">
      <display-name>Spring State Machine</display-name>
      <single-file value="true" />
      <place><![CDATA[psiParameter().ofMethod(0, psiMethod().withName("event").withParameters("java.lang.String").definedInClass("org.springframework.statemachine.config.configurers.SecurityConfigurer"))]]></place>
      <place><![CDATA[psiParameter().ofMethod(0, psiMethod().withName("guardExpression").withParameters("java.lang.String").definedInClass("org.springframework.statemachine.config.configurers.TransitionConfigurer"))]]></place>
      <place><![CDATA[psiParameter().ofMethod(0, psiMethod().withName("secured").withParameters("java.lang.String").definedInClass("org.springframework.statemachine.config.configurers.TransitionConfigurer"))]]></place>
      <place><![CDATA[psiParameter().ofMethod(0, psiMethod().withName("transition").withParameters("java.lang.String").definedInClass("org.springframework.statemachine.config.configurers.SecurityConfigurer"))]]></place>
    </injection>
    <injection language="RegExp" injector-id="java">
      <display-name>String (java.lang)</display-name>
      <single-file value="true" />
      <place><![CDATA[psiParameter().ofMethod(0, psiMethod().withName("matches").withParameters("java.lang.String").definedInClass("java.lang.String"))]]></place>
      <place><![CDATA[psiParameter().ofMethod(0, psiMethod().withName("replaceAll").withParameters("java.lang.String", "java.lang.String").definedInClass("java.lang.String"))]]></place>
      <place><![CDATA[psiParameter().ofMethod(0, psiMethod().withName("replaceFirst").withParameters("java.lang.String", "java.lang.String").definedInClass("java.lang.String"))]]></place>
      <place><![CDATA[psiParameter().ofMethod(0, psiMethod().withName("split").withParameters("java.lang.String").definedInClass("java.lang.String"))]]></place>
      <place><![CDATA[psiParameter().ofMethod(0, psiMethod().withName("split").withParameters("java.lang.String", "int").definedInClass("java.lang.String"))]]></place>
    </injection>
    <injection language="RegExp" injector-id="java">
      <display-name>StringSubject (com.google.common.truth)</display-name>
      <single-file value="true" />
      <place><![CDATA[psiParameter().ofMethod(0, psiMethod().withName("containsMatch").definedInClass("com.google.common.truth.StringSubject"))]]></place>
      <place><![CDATA[psiParameter().ofMethod(0, psiMethod().withName("doesNotContainMatch").definedInClass("com.google.common.truth.StringSubject"))]]></place>
      <place><![CDATA[psiParameter().ofMethod(0, psiMethod().withName("doesNotMatch").definedInClass("com.google.common.truth.StringSubject"))]]></place>
      <place><![CDATA[psiParameter().ofMethod(0, psiMethod().withName("matches").definedInClass("com.google.common.truth.StringSubject"))]]></place>
    </injection>
    <injection language="Spring-MongoDB-JSON" injector-id="java">
      <display-name>Update.value (org.springframework.data.mongodb.repository)</display-name>
      <ignore-pattern>(:#\{#\w+\}|\?#\{.+\})</ignore-pattern>
      <single-file value="true" />
      <place><![CDATA[psiMethod().withName("pipeline").withParameters().definedInClass("org.springframework.data.mongodb.repository.Update")]]></place>
      <place><![CDATA[psiMethod().withName("update").withParameters().definedInClass("org.springframework.data.mongodb.repository.Update")]]></place>
      <place><![CDATA[psiMethod().withName("value").withParameters().definedInClass("org.springframework.data.mongodb.repository.Update")]]></place>
    </injection>
    <injection language="SQL" injector-id="java">
      <display-name>Vert.x SQL Extensions (io.vertx.ext.sql)</display-name>
      <single-file value="true" />
      <place><![CDATA[psiParameter().ofMethod(0, psiMethod().withName("query", "queryWithParams", "queryStream", "queryStreamWithParams", "querySingle", "querySingleWithParams", "update", "updateWithParams", "call", "callWithParams").definedInClass("io.vertx.ext.sql.SQLClient"))]]></place>
      <place><![CDATA[psiParameter().ofMethod(0, psiMethod().withName("query", "queryWithParams", "queryStream", "queryStreamWithParams", "querySingle", "querySingleWithParams", "update", "updateWithParams", "call", "callWithParams").definedInClass("io.vertx.ext.sql.SQLOperations"))]]></place>
      <place><![CDATA[psiParameter().ofMethod(0, psiMethod().withName("query", "queryWithParams", "queryStream", "queryStreamWithParams", "querySingle", "querySingleWithParams", "update", "updateWithParams", "call", "callWithParams", "execute", "batchWithParams", "batchCallableWithParams").definedInClass("io.vertx.ext.sql.SQLConnection"))]]></place>
    </injection>
    <injection language="SQL" injector-id="java">
      <display-name>Vert.x SQL Reactive Extensions (io.vertx.reactivex.ext.sql)</display-name>
      <single-file value="true" />
      <place><![CDATA[psiParameter().ofMethod(0, psiMethod().withName("query", "queryWithParams", "queryStream", "queryStreamWithParams", "querySingle", "querySingleWithParams", "update", "updateWithParams", "call", "callWithParams").definedInClass("io.vertx.reactivex.ext.sql.SQLOperations"))]]></place>
      <place><![CDATA[psiParameter().ofMethod(0, psiMethod().withName("query", "queryWithParams", "queryStream", "queryStreamWithParams", "querySingle", "querySingleWithParams", "update", "updateWithParams", "call", "callWithParams", "execute", "batchWithParams", "batchCallableWithParams", "rxQuerySingle", "rxQuerySingleWithParams", "rxQuery", "rxQueryWithParams", "rxQueryStream", "rxQueryStreamWithParams", "rxUpdate", "rxUpdateWithParams", "rxCall", "rxCallWithParams", "rxExecute", "rxBatchWithParams", "rxBatchCallableWithParams").definedInClass("io.vertx.reactivex.ext.sql.SQLClient"))]]></place>
      <place><![CDATA[psiParameter().ofMethod(0, psiMethod().withName("query", "queryWithParams", "queryStream", "queryStreamWithParams", "querySingle", "querySingleWithParams", "update", "updateWithParams", "call", "callWithParams", "execute", "batchWithParams", "batchCallableWithParams", "rxQuerySingle", "rxQuerySingleWithParams", "rxQuery", "rxQueryWithParams", "rxQueryStream", "rxQueryStreamWithParams", "rxUpdate", "rxUpdateWithParams", "rxCall", "rxCallWithParams", "rxExecute", "rxBatchWithParams", "rxBatchCallableWithParams").definedInClass("io.vertx.reactivex.ext.sql.SQLConnection"))]]></place>
      <place><![CDATA[psiParameter().ofMethod(0, psiMethod().withName("querySingle", "rxQuerySingle", "querySingleWithParams", "rxQuerySingleWithParams").definedInClass("io.vertx.reactivex.ext.asyncsql.AsyncSQLClient"))]]></place>
      <place><![CDATA[psiParameter().ofMethod(0, psiMethod().withName("querySingle", "rxQuerySingle", "querySingleWithParams", "rxQuerySingleWithParams").definedInClass("io.vertx.reactivex.ext.asyncsql.MySQLClient"))]]></place>
      <place><![CDATA[psiParameter().ofMethod(0, psiMethod().withName("querySingle", "rxQuerySingle", "querySingleWithParams", "rxQuerySingleWithParams").definedInClass("io.vertx.reactivex.ext.asyncsql.PostgreSQLClient"))]]></place>
    </injection>
    <injection language="SQL" injector-id="java">
      <display-name>Vert.x SqlClient (io.vertx.sqlclient)</display-name>
      <single-file value="true" />
      <place><![CDATA[psiParameter().ofMethod(0, psiMethod().withName("query", "prepare", "preparedQuery", "preparedBatch").definedInClass("io.vertx.mssqlclient.MSSQLConnection"))]]></place>
      <place><![CDATA[psiParameter().ofMethod(0, psiMethod().withName("query", "prepare", "preparedQuery", "preparedBatch").definedInClass("io.vertx.mysqlclient.MySQLConnection"))]]></place>
      <place><![CDATA[psiParameter().ofMethod(0, psiMethod().withName("query", "prepare", "preparedQuery", "preparedBatch").definedInClass("io.vertx.pgclient.PgConnection"))]]></place>
      <place><![CDATA[psiParameter().ofMethod(0, psiMethod().withName("query", "prepare", "preparedQuery", "preparedBatch").definedInClass("io.vertx.sqlclient.Pool"))]]></place>
      <place><![CDATA[psiParameter().ofMethod(0, psiMethod().withName("query", "prepare", "preparedQuery", "preparedBatch").definedInClass("io.vertx.sqlclient.SqlClient"))]]></place>
      <place><![CDATA[psiParameter().ofMethod(0, psiMethod().withName("query", "prepare", "preparedQuery", "preparedBatch").definedInClass("io.vertx.sqlclient.SqlConnection"))]]></place>
      <place><![CDATA[psiParameter().ofMethod(0, psiMethod().withName("query", "prepare", "preparedQuery", "preparedBatch").definedInClass("io.vertx.sqlclient.Transaction"))]]></place>
    </injection>
    <injection language="SQL" injector-id="java">
      <display-name>Vert.x SqlClient RxJava2 (io.vertx.reactivex.sqlclient)</display-name>
      <single-file value="true" />
      <place><![CDATA[psiParameter().ofMethod(0, psiMethod().withName("query", "prepare", "preparedQuery", "preparedBatch", "rxQuery", "rxPrepare", "rxPreparedQuery", "rxPreparedBatch").definedInClass("io.vertx.reactivex.mysqlclient.MySQLConnection"))]]></place>
      <place><![CDATA[psiParameter().ofMethod(0, psiMethod().withName("query", "prepare", "preparedQuery", "preparedBatch", "rxQuery", "rxPrepare", "rxPreparedQuery", "rxPreparedBatch").definedInClass("io.vertx.reactivex.pgclient.PgConnection"))]]></place>
      <place><![CDATA[psiParameter().ofMethod(0, psiMethod().withName("query", "prepare", "preparedQuery", "preparedBatch", "rxQuery", "rxPrepare", "rxPreparedQuery", "rxPreparedBatch").definedInClass("io.vertx.reactivex.sqlclient.SqlConnection"))]]></place>
      <place><![CDATA[psiParameter().ofMethod(0, psiMethod().withName("query", "prepare", "preparedQuery", "preparedBatch", "rxQuery", "rxPrepare", "rxPreparedQuery", "rxPreparedBatch").definedInClass("io.vertx.reactivex.sqlclient.Transaction"))]]></place>
      <place><![CDATA[psiParameter().ofMethod(0, psiMethod().withName("query", "prepare", "preparedQuery", "preparedBatch", "rxQuery", "rxPreparedQuery", "rxPreparedBatch").definedInClass("io.vertx.reactivex.mysqlclient.MySQLPool"))]]></place>
      <place><![CDATA[psiParameter().ofMethod(0, psiMethod().withName("query", "prepare", "preparedQuery", "preparedBatch", "rxQuery", "rxPreparedQuery", "rxPreparedBatch").definedInClass("io.vertx.reactivex.pgclient.PgPool"))]]></place>
      <place><![CDATA[psiParameter().ofMethod(0, psiMethod().withName("query", "prepare", "preparedQuery", "preparedBatch", "rxQuery", "rxPreparedQuery", "rxPreparedBatch").definedInClass("io.vertx.reactivex.sqlclient.Pool"))]]></place>
      <place><![CDATA[psiParameter().ofMethod(0, psiMethod().withName("query", "prepare", "preparedQuery", "preparedBatch", "rxQuery", "rxPreparedQuery", "rxPreparedBatch").definedInClass("io.vertx.reactivex.sqlclient.SqlClient"))]]></place>
    </injection>
    <injection language="JSON" injector-id="java">
      <display-name>WireMock (com.github.tomakehurst.wiremock.client)</display-name>
      <single-file value="false" />
      <place><![CDATA[psiParameter().ofMethod(0, psiMethod().withName("equalToJson").withParameters("java.lang.String").definedInClass("com.github.tomakehurst.wiremock.client.WireMock"))]]></place>
      <place><![CDATA[psiParameter().ofMethod(0, psiMethod().withName("equalToJson").withParameters("java.lang.String", "boolean", "boolean").definedInClass("com.github.tomakehurst.wiremock.client.WireMock"))]]></place>
      <place><![CDATA[psiParameter().ofMethod(0, psiMethod().withName("jsonResponse").withParameters("java.lang.String", "int").definedInClass("com.github.tomakehurst.wiremock.client.WireMock"))]]></place>
      <place><![CDATA[psiParameter().ofMethod(0, psiMethod().withName("okJson").withParameters("java.lang.String").definedInClass("com.github.tomakehurst.wiremock.client.WireMock"))]]></place>
    </injection>
    <injection language="XML" injector-id="java">
      <display-name>WireMock (com.github.tomakehurst.wiremock.client)</display-name>
      <single-file value="false" />
      <place><![CDATA[psiParameter().ofMethod(0, psiMethod().withName("equalToXml").withParameters("java.lang.String").definedInClass("com.github.tomakehurst.wiremock.client.WireMock"))]]></place>
      <place><![CDATA[psiParameter().ofMethod(0, psiMethod().withName("okTextXml").withParameters("java.lang.String").definedInClass("com.github.tomakehurst.wiremock.client.WireMock"))]]></place>
      <place><![CDATA[psiParameter().ofMethod(0, psiMethod().withName("okXml").withParameters("java.lang.String").definedInClass("com.github.tomakehurst.wiremock.client.WireMock"))]]></place>
    </injection>
    <injection language="RegExp" injector-id="java">
      <display-name>WireMock (com.github.tomakehurst.wiremock.client)</display-name>
      <single-file value="false" />
      <place><![CDATA[psiParameter().ofMethod(0, psiMethod().withName("matching").withParameters("java.lang.String").definedInClass("com.github.tomakehurst.wiremock.client.WireMock"))]]></place>
      <place><![CDATA[psiParameter().ofMethod(0, psiMethod().withName("notMatching").withParameters("java.lang.String").definedInClass("com.github.tomakehurst.wiremock.client.WireMock"))]]></place>
      <place><![CDATA[psiParameter().ofMethod(0, psiMethod().withName("urlMatching").withParameters("java.lang.String").definedInClass("com.github.tomakehurst.wiremock.client.WireMock"))]]></place>
      <place><![CDATA[psiParameter().ofMethod(0, psiMethod().withName("urlPathMatching").withParameters("java.lang.String").definedInClass("com.github.tomakehurst.wiremock.client.WireMock"))]]></place>
    </injection>
    <injection language="JSONPath" injector-id="java">
      <display-name>WriteContext (com.jayway.jsonpath)</display-name>
      <single-file value="true" />
      <place><![CDATA[psiParameter().ofMethod(0, psiMethod().withName("add").definedInClass("com.jayway.jsonpath.WriteContext"))]]></place>
      <place><![CDATA[psiParameter().ofMethod(0, psiMethod().withName("delete").definedInClass("com.jayway.jsonpath.WriteContext"))]]></place>
      <place><![CDATA[psiParameter().ofMethod(0, psiMethod().withName("map").definedInClass("com.jayway.jsonpath.WriteContext"))]]></place>
      <place><![CDATA[psiParameter().ofMethod(0, psiMethod().withName("put").definedInClass("com.jayway.jsonpath.WriteContext"))]]></place>
      <place><![CDATA[psiParameter().ofMethod(0, psiMethod().withName("renameKey").definedInClass("com.jayway.jsonpath.WriteContext"))]]></place>
      <place><![CDATA[psiParameter().ofMethod(0, psiMethod().withName("set").definedInClass("com.jayway.jsonpath.WriteContext"))]]></place>
    </injection>
    <injection language="SQL" injector-id="java">
      <display-name>jOOQ (org.jooq.DSLContext)</display-name>
      <single-file value="true" />
      <place><![CDATA[psiParameter().ofMethod(0, psiMethod().withName("batch").withParameters("java.lang.String", "java.lang.Object[]...").definedInClass("org.jooq.DSLContext"))]]></place>
      <place><![CDATA[psiParameter().ofMethod(0, psiMethod().withName("query", "fetch", "fetchLazy", "fetchAsync", "fetchStream", "fetchMany", "fetchOne", "fetchSingle", "fetchOptional", "fetchValue", "fetchOptionalValue", "fetchValues", "execute", "resultQuery").withParameters("java.lang.String", "java.lang.Object...").definedInClass("org.jooq.DSLContext"))]]></place>
      <place><![CDATA[psiParameter().ofMethod(0, psiMethod().withName("query", "fetch", "fetchLazy", "fetchAsync", "fetchStream", "fetchMany", "fetchOne", "fetchSingle", "fetchOptional", "fetchValue", "fetchOptionalValue", "fetchValues", "execute", "resultQuery", "batch").withParameters("java.lang.String").definedInClass("org.jooq.DSLContext"))]]></place>
      <place><![CDATA[psiParameter().ofMethod(psiMethod().withName("batch").withParameters("java.lang.String...").definedInClass("org.jooq.DSLContext"))]]></place>
    </injection>
    <injection language="SQL" injector-id="java">
      <display-name>rxjava2-jdbc (org.davidmoten.rx.jdbc)</display-name>
      <single-file value="true" />
      <place><![CDATA[psiMethod().withName("value").definedInClass("org.davidmoten.rx.jdbc.annotations.Query")]]></place>
      <place><![CDATA[psiParameter().ofMethod(0, psiMethod().withName("call", "select", "update").definedInClass("org.davidmoten.rx.jdbc.Database"))]]></place>
      <place><![CDATA[psiParameter().ofMethod(0, psiMethod().withName("call", "select", "update").definedInClass("org.davidmoten.rx.jdbc.TransactedBuilder"))]]></place>
    </injection>
    <injection language="HTML" injector-id="js">
      <display-name>HTML in JS strings</display-name>
      <single-file value="true" />
      <place disabled="true"><![CDATA[isHtmlLikeText()]]></place>
    </injection>
    <injection language="SQL" injector-id="js">
      <display-name>SQL create</display-name>
      <single-file value="true" />
      <place disabled="true"><![CDATA[jsLiteral().withStringValueIgnoringInterpolations(stringMatchesBrics(" *(CREATE|DROP|ALTER) +((TEMPORARY )?TABLE|(UNIQUE )?INDEX) .*"))]]></place>
    </injection>
    <injection language="SQL" injector-id="js">
      <display-name>SQL insert/replace</display-name>
      <single-file value="true" />
      <place disabled="true"><![CDATA[jsLiteral().withStringValueIgnoringInterpolations(stringMatchesBrics(" *(INSERT|REPLACE) .*INTO .*"))]]></place>
    </injection>
    <injection language="SQL" injector-id="js">
      <display-name>SQL select/delete</display-name>
      <single-file value="true" />
      <place disabled="true"><![CDATA[jsLiteral().withStringValueIgnoringInterpolations(stringMatchesBrics(" *(SELECT|DELETE) .*FROM .*"))]]></place>
    </injection>
    <injection language="SQL" injector-id="js">
      <display-name>SQL tagged string</display-name>
      <single-file value="true" />
      <place disabled="true"><![CDATA[taggedString("sql")]]></place>
      <templateTag>sql</templateTag>
    </injection>
    <injection language="SQL" injector-id="js">
      <display-name>SQL update</display-name>
      <single-file value="true" />
      <place disabled="true"><![CDATA[jsLiteral().withStringValueIgnoringInterpolations(stringMatchesBrics(" *UPDATE .* SET .*"))]]></place>
    </injection>
    <injection language="SQL" injector-id="js">
      <display-name>SQL with</display-name>
      <single-file value="true" />
      <place disabled="true"><![CDATA[jsLiteral().withStringValueIgnoringInterpolations(stringMatchesBrics(" *WITH .+ AS *\\(.+"))]]></place>
    </injection>
    <injection language="TSQL" injector-id="js">
      <display-name>Transact-SQL declare</display-name>
      <single-file value="true" />
      <place disabled="true"><![CDATA[jsLiteral().withStringValueIgnoringInterpolations(stringMatchesBrics(" *DECLARE +\\@.*"))]]></place>
    </injection>
    <injection language="SQLite" injector-id="js">
      <display-name>flash.data (SQLite)</display-name>
      <single-file value="true" />
      <place disabled="true"><![CDATA[jsLiteral().and(asAssignedValue("text", "*", "dbStatement"))]]></place>
      <place disabled="true"><![CDATA[jsLiteral().and(asAssignedValue("text", "flash.data.SQLStatement"))]]></place>
    </injection>
    <injection language="SCSS" injector-id="js">
      <display-name>styled-components</display-name>
      <prefix>dummy_selector {</prefix>
      <suffix>}</suffix>
      <single-file value="true" />
      <place disabled="true"><![CDATA[jsLiteralExpression().and(jsArgument("styled", 0))]]></place>
      <place disabled="true"><![CDATA[jsLiteralExpression().withParent(psiElement().withParent(psiElement().withText(string().startsWith("Styled"))))]]></place>
      <place disabled="true"><![CDATA[jsLiteralExpression().withParent(psiElement().withText(string().contains(".extend")))]]></place>
      <place disabled="true"><![CDATA[jsLiteralExpression().withParent(psiElement().withText(string().startsWith("injectGlobal")))]]></place>
      <place disabled="true"><![CDATA[jsLiteralExpression().withParent(psiElement().withText(string().startsWith("styled")))]]></place>
    </injection>
    <injection language="RegExp" injector-id="kotlin">
      <display-name>Kotlin</display-name>
      <single-file value="true" />
      <place><![CDATA[kotlinParameter().ofFunction(0, kotlinFunction().withName("Regex").definedInClass("kotlin.text.Regex"))]]></place>
      <place><![CDATA[receiver().ofFunction(kotlinFunction().withName("toPattern").withReceiver("kotlin.String").definedInPackage("kotlin.text"))]]></place>
      <place><![CDATA[receiver().ofFunction(kotlinFunction().withName("toRegex").withReceiver("kotlin.String").definedInPackage("kotlin.text"))]]></place>
    </injection>
    <injection language="JavaScript" injector-id="ruby">
      <display-name>Heredoc JavaScript</display-name>
      <single-file value="true" />
      <place><![CDATA[heredocElement("JAVASCRIPT")]]></place>
      <place><![CDATA[heredocElement("JS")]]></place>
    </injection>
    <injection language="ruby" injector-id="ruby">
      <display-name>Heredoc Ruby</display-name>
      <single-file value="true" />
      <place><![CDATA[heredocElement("RB")]]></place>
      <place><![CDATA[heredocElement("RUBY")]]></place>
    </injection>
    <injection language="RegExp" injector-id="xml">
      <display-name>IntelliJ IDEA injection patterns</display-name>
      <single-file value="true" />
      <place><![CDATA[xmlTag().withLocalName("ignore-pattern").withParent(xmlTag().withLocalName("injection").withParent(xmlTag().withLocalName("component")))]]></place>
      <place><![CDATA[xmlTag().withLocalName("value-pattern").withParent(xmlTag().withLocalName("injection").withParent(xmlTag().withLocalName("component")))]]></place>
    </injection>
    <injection language="Groovy" injector-id="xml">
      <display-name>IntelliJ IDEA pattern</display-name>
      <single-file value="true" />
      <place><![CDATA[xmlTag().withLocalName("pattern").inside(xmlTag().withLocalName("idea-plugin"))]]></place>
      <place><![CDATA[xmlTag().withLocalName("place").withParent(xmlTag().withLocalName("injection").withParent(xmlTag().withLocalName("component")))]]></place>
    </injection>
    <injection language="SpEL" injector-id="xml">
      <display-name>SpEL for Spring Cache</display-name>
      <single-file value="true" />
      <place><![CDATA[xmlAttribute().withLocalName("condition").withParent(xmlTag().withNamespace(string().equalTo("http://www.springframework.org/schema/cache")))]]></place>
      <place><![CDATA[xmlAttribute().withLocalName("key").withParent(xmlTag().withNamespace(string().equalTo("http://www.springframework.org/schema/cache")))]]></place>
      <place><![CDATA[xmlAttribute().withLocalName("unless").withParent(xmlTag().withNamespace(string().equalTo("http://www.springframework.org/schema/cache")))]]></place>
    </injection>
  </component>
</application>