<application>
  <component name="Trusted.Paths">
    <option name="TRUSTED_PROJECT_PATHS">
      <map>
        <entry key="$USER_HOME$/.dot-files" value="true" />
        <entry key="$USER_HOME$/.ssh" value="true" />
        <entry key="$USER_HOME$/.zsh" value="true" />
        <entry key="$USER_HOME$/Library/Application Support/Claude" value="true" />
        <entry key="$USER_HOME$/code/ai-sdk" value="true" />
        <entry key="$USER_HOME$/code/d1-console" value="true" />
        <entry key="$USER_HOME$/code/d1-export-order" value="true" />
        <entry key="$USER_HOME$/code/hono" value="true" />
        <entry key="$USER_HOME$/code/mcp-servers" value="true" />
        <entry key="$USER_HOME$/code/sqlite" value="true" />
        <entry key="$USER_HOME$/code/yogurt-worker" value="true" />
        <entry key="$USER_HOME$/code/zbox" value="true" />
        <entry key="$USER_HOME$/src/demos/claude-image-gen" value="true" />
        <entry key="$USER_HOME$/src/demos/fraude" value="true" />
        <entry key="$USER_HOME$/src/demos/mcp-bearer-auth-example" value="true" />
        <entry key="$USER_HOME$/src/demos/mcp-email-demo" value="true" />
        <entry key="$USER_HOME$/src/demos/workers-mcp-demo" value="true" />
        <entry key="$USER_HOME$/src/demos/workers-mcp-server" value="true" />
        <entry key="$USER_HOME$/src/demos/xab-gchat-demo" value="true" />
        <entry key="$USER_HOME$/src/demos/xab-mvp-minimal-example" value="true" />
        <entry key="$USER_HOME$/src/experiments/bun-uuid" value="true" />
        <entry key="$USER_HOME$/src/experiments/chat-agent-starter-kit" value="true" />
        <entry key="$USER_HOME$/src/experiments/claude-local-sqlite" value="true" />
        <entry key="$USER_HOME$/src/experiments/d1-northwind" value="true" />
        <entry key="$USER_HOME$/src/experiments/do-settimeout-bug" value="true" />
        <entry key="$USER_HOME$/src/experiments/jira-bot" value="true" />
        <entry key="$USER_HOME$/src/experiments/jsrpc-hax" value="true" />
        <entry key="$USER_HOME$/src/experiments/mcp-remote-examples" value="true" />
        <entry key="$USER_HOME$/src/experiments/northwind-demo" value="true" />
        <entry key="$USER_HOME$/src/experiments/oauth" value="true" />
        <entry key="$USER_HOME$/src/experiments/oauth/open-auth-example-1" value="true" />
        <entry key="$USER_HOME$/src/experiments/rust-sqlite" value="true" />
        <entry key="$USER_HOME$/src/experiments/simple-do" value="true" />
        <entry key="$USER_HOME$/src/experiments/simple-worker" value="true" />
        <entry key="$USER_HOME$/src/experiments/sveltekit-one" value="true" />
        <entry key="$USER_HOME$/src/experiments/testing-d1-app-with-types" value="true" />
        <entry key="$USER_HOME$/src/experiments/waku-project" value="true" />
        <entry key="$USER_HOME$/src/experiments/wfp-rpc-fails" value="true" />
        <entry key="$USER_HOME$/src/hax/mcp" value="true" />
        <entry key="$USER_HOME$/src/hax/mcp/inspector" value="true" />
        <entry key="$USER_HOME$/src/hax/mcp/typescript-sdk" value="true" />
        <entry key="$USER_HOME$/src/hax/prox" value="true" />
        <entry key="$USER_HOME$/src/hax/rclone-docker" value="true" />
        <entry key="$USER_HOME$/src/hax/react-router-7-cloudflare" value="true" />
        <entry key="$USER_HOME$/src/hax/red7" value="true" />
        <entry key="$USER_HOME$/src/hax/remix-latest-jan-2025" value="true" />
        <entry key="$USER_HOME$/src/hax/shifty" value="true" />
        <entry key="$USER_HOME$/src/projects/ai-chat-template" value="true" />
        <entry key="$USER_HOME$/src/projects/infinity" value="true" />
        <entry key="$USER_HOME$/src/projects/invlex" value="true" />
        <entry key="$USER_HOME$/src/projects/jsrpc" value="true" />
        <entry key="$USER_HOME$/src/projects/mcp-cloudflare" value="true" />
        <entry key="$USER_HOME$/src/projects/mcp-remote" value="true" />
        <entry key="$USER_HOME$/src/projects/npx-import" value="true" />
        <entry key="$USER_HOME$/src/projects/oldegram/rails" value="true" />
        <entry key="$USER_HOME$/src/projects/shellac" value="true" />
        <entry key="$USER_HOME$/src/projects/sqlite-rs" value="true" />
        <entry key="$USER_HOME$/src/projects/use-mcp" value="true" />
        <entry key="$USER_HOME$/src/projects/workers-mcp" value="true" />
        <entry key="$USER_HOME$/src/projects/zest" value="true" />
        <entry key="$USER_HOME$/src/scratch/d1-runtime-shim-test" value="true" />
        <entry key="$USER_HOME$/src/scratch/rip-wrangler-2" value="true" />
        <entry key="$USER_HOME$/src/tmp/aa246119caad08b7e58460231e1a4aff" value="true" />
        <entry key="$USER_HOME$/src/tmp/multi-worker-rpc" value="true" />
        <entry key="$USER_HOME$/src/tmp/public-alpha-d1-worker" value="true" />
        <entry key="$USER_HOME$/src/tmp/test-do-no-wrangler" value="true" />
        <entry key="$USER_HOME$/src/work" value="true" />
        <entry key="$USER_HOME$/src/work/agents" value="true" />
        <entry key="$USER_HOME$/src/work/ai" value="true" />
        <entry key="$USER_HOME$/src/work/api-gateway" value="true" />
        <entry key="$USER_HOME$/src/work/binding-grants" value="true" />
        <entry key="$USER_HOME$/src/work/bugs" value="true" />
        <entry key="$USER_HOME$/src/work/component-library" value="true" />
        <entry key="$USER_HOME$/src/work/d1-admin-worker" value="true" />
        <entry key="$USER_HOME$/src/work/d1-api" value="true" />
        <entry key="$USER_HOME$/src/work/d1-benchmarks" value="true" />
        <entry key="$USER_HOME$/src/work/d1-perf-worker" value="true" />
        <entry key="$USER_HOME$/src/work/d1-worker" value="true" />
        <entry key="$USER_HOME$/src/work/depot" value="true" />
        <entry key="$USER_HOME$/src/work/devspace" value="true" />
        <entry key="$USER_HOME$/src/work/durable-object-sqlite-utils" value="true" />
        <entry key="$USER_HOME$/src/work/edgeworker" value="true" />
        <entry key="$USER_HOME$/src/work/edgeworker-config-service" value="true" />
        <entry key="$USER_HOME$/src/work/entitlements-api" value="true" />
        <entry key="$USER_HOME$/src/work/images-core" value="true" />
        <entry key="$USER_HOME$/src/work/integrations-monorepo" value="true" />
        <entry key="$USER_HOME$/src/work/marketing-sites/playground.ai.cloudflare.com" value="true" />
        <entry key="$USER_HOME$/src/work/miniflare" value="true" />
        <entry key="$USER_HOME$/src/work/pages-infra" value="true" />
        <entry key="$USER_HOME$/src/work/sqlite-worker" value="true" />
        <entry key="$USER_HOME$/src/work/stratus" value="true" />
        <entry key="$USER_HOME$/src/work/teamcity-plans" value="true" />
        <entry key="$USER_HOME$/src/work/terraform-cfaccounts" value="true" />
        <entry key="$USER_HOME$/src/work/workerd" value="true" />
        <entry key="$USER_HOME$/src/work/workers-oauth-provider" value="true" />
        <entry key="$USER_HOME$/src/work/workers-sdk" value="true" />
        <entry key="$USER_HOME$/src/work/wrangler2" value="true" />
        <entry key="$USER_HOME$/src/work/wrangler2/packages/wrangler" value="true" />
        <entry key="$USER_HOME$/tmp/01-login" value="true" />
        <entry key="/private/var/folders/xn/jl0lmfkx5gd06w3_bl12w1l00000gp/T/04e920871811795d2270d4fc24261b2d" value="true" />
        <entry key="/private/var/folders/xn/jl0lmfkx5gd06w3_bl12w1l00000gp/T/19fa66b465eeb6ec9e77b1eb797602da" value="true" />
        <entry key="/private/var/folders/xn/jl0lmfkx5gd06w3_bl12w1l00000gp/T/99515ff3060d78c75881d0ba2a5af3b2" value="true" />
      </map>
    </option>
  </component>
  <component name="Trusted.Paths.Settings">
    <option name="TRUSTED_PATHS">
      <list>
        <option value="$USER_HOME$/src/work" />
        <option value="$USER_HOME$/code" />
        <option value="$USER_HOME$/src/experiments" />
        <option value="$USER_HOME$/src/hax" />
        <option value="$USER_HOME$/src/projects" />
        <option value="$USER_HOME$/src/scratch" />
        <option value="$USER_HOME$/src/demos" />
      </list>
    </option>
  </component>
</application>