<application>
  <component name="UpdatesConfigurable">
    <ignoredBuildNumbers>
      <item value="182.4323.44" />
    </ignoredBuildNumbers>
    <option name="LAST_BUILD_CHECKED" value="IU-251.25410.129" />
    <option name="LAST_TIME_CHECKED" value="1750084351033" />
    <option name="OBSOLETE_CUSTOM_REPOSITORIES_CLEAN_NEEDED" value="false" />
    <pluginHosts>
      <item value="https://codeium-codegen.devtools.cfdata.org/api/jetbrains_update_plugins" />
    </pluginHosts>
    <option name="THIRD_PARTY_PLUGINS_ALLOWED" value="true" />
    <option name="WHATS_NEW_SHOWN_FOR" value="251" />
  </component>
</application>