<application>
  <component name="DimensionService">
    <location key="find.popup.0.0.3024.1964@192dpi" x="700" y="148" />
    <location key="find.popup.0.0.3440.1440" x="2360" y="490" />
    <location key="find.popup.1458.-2160.3840.2160@192dpi" x="2820" y="-1896" />
    <location key="find.popup.0.0.3840.2160@192dpi" x="1362" y="308" />
    <location key="REMOTE_DEVELOPMENT_CONNECTION.0.0.3024.1964@192dpi" x="712" y="340" />
    <location key="find.popup.0.0.5120.2880@192dpi" x="2466" y="550" />
    <location key="find.popup.0.0.6016.3384@192dpi" x="2134" y="456" />
    <location key="find.popup.0.0.3840.2160" x="1282" y="90" />
    <location key="find.popup.0.0.3600.2338@192dpi" x="1202" y="456" />
    <location key="find.popup.-3600.1162.3600.2338@192dpi" x="-2766" y="1336" />
    <location key="find.popup.0.0.6720.3780@192dpi" x="834" y="174" />
    <location key="find.popup.7680.1684.3600.2338@192dpi" x="8882" y="2140" />
    <size key="find.popup.0.0.3024.1964@192dpi" width="1308" height="1136" />
    <size key="find.popup.0.0.3440.1440" width="829" height="681" />
    <size key="find.popup.1458.-2160.3840.2160@192dpi" width="1438" height="1642" />
    <size key="find.popup.0.0.3840.2160@192dpi" width="1438" height="1604" />
    <size key="REMOTE_DEVELOPMENT_CONNECTION.0.0.3024.1964@192dpi" width="1600" height="1358" />
    <size key="find.popup.0.0.5120.2880@192dpi" width="1298" height="1112" />
    <size key="find.popup.0.0.6016.3384@192dpi" width="2274" height="2534" />
    <size key="GridCell.Tab.0.left.0.0.5120.2880@192dpi" width="2396" height="848" />
    <size key="GridCell.Tab.0.center.0.0.5120.2880@192dpi" width="2396" height="848" />
    <size key="GridCell.Tab.0.right.0.0.5120.2880@192dpi" width="2396" height="848" />
    <size key="GridCell.Tab.0.bottom.0.0.5120.2880@192dpi" width="2396" height="848" />
    <size key="GridCell.Tab.1.left.0.0.5120.2880@192dpi" width="2396" height="848" />
    <size key="GridCell.Tab.1.center.0.0.5120.2880@192dpi" width="2396" height="848" />
    <size key="GridCell.Tab.1.right.0.0.5120.2880@192dpi" width="2396" height="848" />
    <size key="GridCell.Tab.1.bottom.0.0.5120.2880@192dpi" width="2396" height="848" />
    <size key="GridCell.Tab.2.left.0.0.5120.2880@192dpi" width="2396" height="848" />
    <size key="GridCell.Tab.2.center.0.0.5120.2880@192dpi" width="2396" height="848" />
    <size key="GridCell.Tab.2.right.0.0.5120.2880@192dpi" width="2396" height="848" />
    <size key="GridCell.Tab.2.bottom.0.0.5120.2880@192dpi" width="2396" height="848" />
    <size key="GridCell.Tab.3.left.0.0.5120.2880@192dpi" width="2396" height="848" />
    <size key="GridCell.Tab.3.center.0.0.5120.2880@192dpi" width="2396" height="848" />
    <size key="GridCell.Tab.3.right.0.0.5120.2880@192dpi" width="2396" height="848" />
    <size key="GridCell.Tab.3.bottom.0.0.5120.2880@192dpi" width="2396" height="848" />
    <size key="find.popup.0.0.3840.2160" width="649" height="1277" />
    <size key="find.popup.0.0.3600.2338@192dpi" width="1298" height="1112" />
    <size key="find.popup.-3600.1162.3600.2338@192dpi" width="1538" height="1356" />
    <size key="GridCell.Tab.0.left.0.0.3840.2160" width="968" height="337" />
    <size key="GridCell.Tab.0.center.0.0.3840.2160" width="968" height="337" />
    <size key="GridCell.Tab.0.right.0.0.3840.2160" width="968" height="337" />
    <size key="GridCell.Tab.0.bottom.0.0.3840.2160" width="968" height="337" />
    <size key="find.popup.0.0.6720.3780@192dpi" width="2514" height="2698" />
    <size key="GridCell.Tab.1.left.0.0.3840.2160" width="968" height="337" />
    <size key="GridCell.Tab.1.center.0.0.3840.2160" width="968" height="337" />
    <size key="GridCell.Tab.1.right.0.0.3840.2160" width="968" height="337" />
    <size key="GridCell.Tab.1.bottom.0.0.3840.2160" width="968" height="337" />
    <size key="GridCell.Tab.2.left.0.0.3840.2160" width="968" height="337" />
    <size key="GridCell.Tab.2.center.0.0.3840.2160" width="968" height="337" />
    <size key="GridCell.Tab.2.right.0.0.3840.2160" width="968" height="337" />
    <size key="GridCell.Tab.2.bottom.0.0.3840.2160" width="968" height="337" />
    <size key="GridCell.Tab.3.left.0.0.3840.2160" width="968" height="337" />
    <size key="GridCell.Tab.3.center.0.0.3840.2160" width="968" height="337" />
    <size key="GridCell.Tab.3.right.0.0.3840.2160" width="968" height="337" />
    <size key="GridCell.Tab.3.bottom.0.0.3840.2160" width="968" height="337" />
    <size key="GridCell.Tab.0.left.0.0.3600.2338@192dpi" width="1936" height="674" />
    <size key="GridCell.Tab.0.center.0.0.3600.2338@192dpi" width="1936" height="674" />
    <size key="GridCell.Tab.0.right.0.0.3600.2338@192dpi" width="1936" height="674" />
    <size key="GridCell.Tab.0.bottom.0.0.3600.2338@192dpi" width="1936" height="674" />
    <size key="GridCell.Tab.1.left.0.0.3600.2338@192dpi" width="1936" height="674" />
    <size key="GridCell.Tab.1.center.0.0.3600.2338@192dpi" width="1936" height="674" />
    <size key="GridCell.Tab.1.right.0.0.3600.2338@192dpi" width="1936" height="674" />
    <size key="GridCell.Tab.1.bottom.0.0.3600.2338@192dpi" width="1936" height="674" />
    <size key="GridCell.Tab.2.left.0.0.3600.2338@192dpi" width="1936" height="674" />
    <size key="GridCell.Tab.2.center.0.0.3600.2338@192dpi" width="1936" height="674" />
    <size key="GridCell.Tab.2.right.0.0.3600.2338@192dpi" width="1936" height="674" />
    <size key="GridCell.Tab.2.bottom.0.0.3600.2338@192dpi" width="1936" height="674" />
    <size key="GridCell.Tab.3.left.0.0.3600.2338@192dpi" width="1936" height="674" />
    <size key="GridCell.Tab.3.center.0.0.3600.2338@192dpi" width="1936" height="674" />
    <size key="GridCell.Tab.3.right.0.0.3600.2338@192dpi" width="1936" height="674" />
    <size key="GridCell.Tab.3.bottom.0.0.3600.2338@192dpi" width="1936" height="674" />
    <size key="find.popup.7680.1684.3600.2338@192dpi" width="1298" height="1112" />
  </component>
  <component name="WindowManager">
    <frame x="1130" y="25" width="2710" height="2135" />
  </component>
  <component name="WindowStateApplicationService">
    <state width="687" height="279" key="ShowUsagesActions.dimensionServiceKey" timestamp="1749198085798">
      <screen x="0" y="25" width="3840" height="2135" />
    </state>
    <state width="687" height="279" key="ShowUsagesActions.dimensionServiceKey/3840.886.1800.1125/0.25.3840.2135" timestamp="1749198085798" />
    <state x="4739" y="1448" width="1707" height="1125" key="WELCOME_SCREEN" timestamp="1748854767999">
      <screen x="3840" y="886" width="1800" height="1125" />
    </state>
    <state x="899" y="606" width="1707" height="1125" key="WELCOME_SCREEN/0.44.1800.1125" timestamp="1747219648427" />
    <state x="1919" y="942" width="1707" height="1234" key="WELCOME_SCREEN/3840.599.1800.1125/0.25.3840.2135" timestamp="1740711871875" />
    <state x="4739" y="1448" width="1707" height="1125" key="WELCOME_SCREEN/3840.886.1800.1125/0.25.3840.2135" timestamp="1748854767999" />
  </component>
</application>