<inspections profile_name="Default (copy)" version="1.0">
  <option name="myName" value="Default (copy)" />
  <option name="myLocal" value="true" />
  <inspection_tool class="Add Shebang line" enabled="false" level="INFO" enabled_by_default="false" />
  <inspection_tool class="Fix shebang" enabled="true" level="WARNING" enabled_by_default="true">/bin/sh#/bin/bash</inspection_tool>
  <inspection_tool class="HtmlUnknownAttribute" enabled="false" level="WARNING" enabled_by_default="false">
    <option name="myValues">
      <value>
        <list size="0" />
      </value>
    </option>
    <option name="myCustomValuesEnabled" value="true" />
  </inspection_tool>
  <inspection_tool class="JSMethodCanBeStatic" enabled="false" level="WARNING" enabled_by_default="false" />
  <inspection_tool class="TaskInspection" enabled="false" level="INFO" enabled_by_default="false" />
  <inspection_tool class="TaskProblemsInspection" enabled="false" level="INFO" enabled_by_default="false" />
  <inspection_tool class="UnterminatedStatementJS" enabled="true" level="WARNING" enabled_by_default="true">
    <option name="ignoreSemicolonAtEndOfBlock" value="false" />
  </inspection_tool>
</inspections>