<keymap version="1" name="glen">
  <action id="$Delete">
    <keyboard-shortcut first-keystroke="delete" />
  </action>
  <action id="$Undo">
    <keyboard-shortcut first-keystroke="meta z" />
  </action>
  <action id="ActivateHierarchyToolWindow" />
  <action id="ActivateVersionControlToolWindow">
    <keyboard-shortcut first-keystroke="meta 8" />
  </action>
  <action id="Annotate">
    <keyboard-shortcut first-keystroke="ctrl meta a" />
  </action>
  <action id="Back">
    <keyboard-shortcut first-keystroke="meta alt left" />
  </action>
  <action id="ChangesView.Commit">
    <keyboard-shortcut first-keystroke="ctrl c" />
  </action>
  <action id="ChooseDebugConfiguration" />
  <action id="ChooseRunConfiguration">
    <keyboard-shortcut first-keystroke="ctrl r" />
  </action>
  <action id="CloseActiveTab" />
  <action id="CloseAllEditorsButActive">
    <keyboard-shortcut first-keystroke="shift meta w" />
  </action>
  <action id="CodeCompletion">
    <keyboard-shortcut first-keystroke="ctrl space" />
    <keyboard-shortcut first-keystroke="alt escape" />
  </action>
  <action id="Compare.LastVersion">
    <keyboard-shortcut first-keystroke="ctrl d" />
  </action>
  <action id="Editor Undo">
    <keyboard-shortcut first-keystroke="meta z" />
  </action>
  <action id="EditorCodeBlockEnd">
    <keyboard-shortcut first-keystroke="ctrl close_bracket" />
  </action>
  <action id="EditorCodeBlockEndWithSelection">
    <keyboard-shortcut first-keystroke="shift ctrl close_bracket" />
  </action>
  <action id="EditorCodeBlockStart">
    <keyboard-shortcut first-keystroke="ctrl open_bracket" />
  </action>
  <action id="EditorCodeBlockStartWithSelection">
    <keyboard-shortcut first-keystroke="shift ctrl open_bracket" />
  </action>
  <action id="EditorDelete">
    <keyboard-shortcut first-keystroke="delete" />
  </action>
  <action id="EditorDeleteLine">
    <keyboard-shortcut first-keystroke="meta back_space" />
  </action>
  <action id="EditorLineEnd">
    <keyboard-shortcut first-keystroke="end" />
    <keyboard-shortcut first-keystroke="meta right" />
    <keyboard-shortcut first-keystroke="ctrl e" />
  </action>
  <action id="EditorLineEndWithSelection">
    <keyboard-shortcut first-keystroke="shift end" />
    <keyboard-shortcut first-keystroke="shift meta right" />
    <keyboard-shortcut first-keystroke="shift ctrl e" />
  </action>
  <action id="EditorLineStart">
    <keyboard-shortcut first-keystroke="home" />
    <keyboard-shortcut first-keystroke="meta left" />
    <keyboard-shortcut first-keystroke="ctrl a" />
  </action>
  <action id="EditorLineStartWithSelection">
    <keyboard-shortcut first-keystroke="shift home" />
    <keyboard-shortcut first-keystroke="shift meta left" />
    <keyboard-shortcut first-keystroke="shift ctrl a" />
  </action>
  <action id="EditorMoveToPageBottom" />
  <action id="EditorMoveToPageTop" />
  <action id="EditorScrollDown" />
  <action id="EditorScrollUp" />
  <action id="EditorSelectWord">
    <keyboard-shortcut first-keystroke="alt up" />
  </action>
  <action id="EditorTextEnd">
    <keyboard-shortcut first-keystroke="meta down" />
  </action>
  <action id="EditorTextEndWithSelection">
    <keyboard-shortcut first-keystroke="shift meta down" />
  </action>
  <action id="EditorTextStart">
    <keyboard-shortcut first-keystroke="meta up" />
  </action>
  <action id="EditorTextStartWithSelection">
    <keyboard-shortcut first-keystroke="shift meta up" />
  </action>
  <action id="EditorToggleUseSoftWraps">
    <keyboard-shortcut first-keystroke="ctrl meta w" />
  </action>
  <action id="EditorUnSelectWord">
    <keyboard-shortcut first-keystroke="alt down" />
  </action>
  <action id="FileChooser.NewFolder">
    <keyboard-shortcut first-keystroke="shift meta n" />
  </action>
  <action id="FindNext">
    <keyboard-shortcut first-keystroke="meta g" />
  </action>
  <action id="FindPrevious">
    <keyboard-shortcut first-keystroke="shift meta g" />
  </action>
  <action id="FindUsages">
    <keyboard-shortcut first-keystroke="alt f7" />
    <keyboard-shortcut first-keystroke="alt 7" />
  </action>
  <action id="FindWordAtCaret">
    <keyboard-shortcut first-keystroke="meta alt g" />
  </action>
  <action id="Forward">
    <keyboard-shortcut first-keystroke="meta alt right" />
  </action>
  <action id="Git.ResolveConflicts">
    <keyboard-shortcut first-keystroke="meta alt r" />
  </action>
  <action id="GotoClass">
    <keyboard-shortcut first-keystroke="meta o" />
  </action>
  <action id="GotoFile">
    <keyboard-shortcut first-keystroke="shift meta o" />
    <keyboard-shortcut first-keystroke="meta t" />
  </action>
  <action id="GotoLine">
    <keyboard-shortcut first-keystroke="meta l" />
  </action>
  <action id="GotoSymbol">
    <keyboard-shortcut first-keystroke="meta alt o" />
  </action>
  <action id="Graph.Delete">
    <keyboard-shortcut first-keystroke="delete" />
  </action>
  <action id="HighlightUsagesInFile">
    <keyboard-shortcut first-keystroke="shift meta f7" />
    <keyboard-shortcut first-keystroke="shift meta 7" />
  </action>
  <action id="HtmlTableCellNavigateDown" />
  <action id="HtmlTableCellNavigateRight" />
  <action id="Images.Editor.ActualSize" />
  <action id="MethodDown">
    <keyboard-shortcut first-keystroke="shift meta alt up" />
  </action>
  <action id="MethodHierarchy.OverrideMethodAction" />
  <action id="MethodUp">
    <keyboard-shortcut first-keystroke="shift meta alt down" />
  </action>
  <action id="MoveEditorToOppositeTabGroup">
    <keyboard-shortcut first-keystroke="ctrl meta close_bracket" />
    <keyboard-shortcut first-keystroke="ctrl meta open_bracket" />
  </action>
  <action id="MoveStatementDown">
    <keyboard-shortcut first-keystroke="shift alt down" />
  </action>
  <action id="MoveStatementUp">
    <keyboard-shortcut first-keystroke="shift alt up" />
  </action>
  <action id="NewElement">
    <keyboard-shortcut first-keystroke="ctrl enter" />
    <keyboard-shortcut first-keystroke="meta n" />
  </action>
  <action id="NextDiff">
    <keyboard-shortcut first-keystroke="f7" />
    <keyboard-shortcut first-keystroke="shift meta back_slash" />
  </action>
  <action id="NextSplitter">
    <keyboard-shortcut first-keystroke="meta close_bracket" />
  </action>
  <action id="OpenFile" />
  <action id="OpenInBrowser">
    <keyboard-shortcut first-keystroke="ctrl meta alt b" />
  </action>
  <action id="OptimizeImports" />
  <action id="OverrideMethods" />
  <action id="PinActiveTab">
    <keyboard-shortcut first-keystroke="ctrl p" />
  </action>
  <action id="PrevSplitter">
    <keyboard-shortcut first-keystroke="meta open_bracket" />
  </action>
  <action id="QuickList.Ruby/Rails">
    <keyboard-shortcut first-keystroke="ctrl alt r" />
  </action>
  <action id="Rails.SwitchToModel">
    <keyboard-shortcut first-keystroke="ctrl meta m" />
  </action>
  <action id="RailsNavigatePopupAction">
    <keyboard-shortcut first-keystroke="shift alt o" />
  </action>
  <action id="Run">
    <keyboard-shortcut first-keystroke="shift ctrl r" />
    <keyboard-shortcut first-keystroke="ctrl meta alt enter" />
  </action>
  <action id="RunClass">
    <keyboard-shortcut first-keystroke="ctrl meta alt r" />
  </action>
  <action id="Scratch.OpenScratch">
    <keyboard-shortcut first-keystroke="alt s" />
  </action>
  <action id="Scratch.OpenScratchList">
    <keyboard-shortcut first-keystroke="shift alt s" />
  </action>
  <action id="ShowContent" />
  <action id="SplitHorizontally">
    <keyboard-shortcut first-keystroke="ctrl minus" />
  </action>
  <action id="SplitVertically">
    <keyboard-shortcut first-keystroke="ctrl back_slash" />
  </action>
  <action id="SwitchApply">
    <keyboard-shortcut first-keystroke="ctrl alt enter" />
  </action>
  <action id="SwitchDown">
    <keyboard-shortcut first-keystroke="ctrl alt down" />
  </action>
  <action id="SwitchLeft">
    <keyboard-shortcut first-keystroke="ctrl alt left" />
  </action>
  <action id="SwitchRight">
    <keyboard-shortcut first-keystroke="ctrl alt right" />
  </action>
  <action id="SwitchUp">
    <keyboard-shortcut first-keystroke="ctrl alt up" />
  </action>
  <action id="ToggleFullScreenMode">
    <keyboard-shortcut first-keystroke="shift ctrl f12" />
    <keyboard-shortcut first-keystroke="ctrl meta alt f" />
  </action>
  <action id="Unsplit">
    <keyboard-shortcut first-keystroke="ctrl meta back_slash" />
  </action>
  <action id="Vcs.ShowTabbedFileHistory">
    <keyboard-shortcut first-keystroke="shift alt h" />
  </action>
  <action id="Vcs.UpdateProject" />
  <action id="org.jetbrains.plugins.ruby.rails.actions.navigation.SwitchToController">
    <keyboard-shortcut first-keystroke="ctrl meta c" />
  </action>
  <action id="org.jetbrains.plugins.ruby.rails.actions.navigation.SwitchToView">
    <keyboard-shortcut first-keystroke="ctrl meta v" />
  </action>
  <action id="rails:generator:controller" />
  <action id="rails:generator:migration" />
  <action id="rails:generator:model" />
  <action id="rails:generator:rspec_controller" />
  <action id="rails:generator:rspec_model" />
  <action id="rails:generator:rspec_scaffold" />
  <action id="rails:generator:scaffold" />
</keymap>